StyleId,StyleImages
29066024,"{""back"": {""imageUrl"": ""http://assets.myntassets.com/assets/images/29066024/2024/4/19/c63ac34e-63d7-43c3-90e9-a6e615e3b40a1713527861775ADByArvindMenSlimFitOpaqueCasualShirt3.jpg"", ""supportedResolutions"": ""1080X1440,540X720,360X480,48X64,81X108"", ""order"": 3}, ""bottom"": {""imageUrl"": ""http://assets.myntassets.com/assets/images/29066024/2024/4/19/9a6651cb-5f13-4f3a-9a5d-eca0847c85401713527861805ADByArvindMenSlimFitOpaqueCasualShirt7.jpg"", ""supportedResolutions"": ""1080X1440,540X720,360X480,48X64,81X108"", ""order"": 7}, ""default"": {""imageUrl"": ""http://assets.myntassets.com/assets/images/29066024/2024/4/19/881ee050-cd57-4f0e-91e2-b1a1d8a36b021713527861998ADByArvindMenSlimFitOpaqueCasualShirt1.jpg"", ""supportedResolutions"": ""1080X1440,540X720,180X240,360X480,150X200,96X128,81X108,48X64"", ""order"": 1}, ""default_deprecated"": {""imageUrl"": ""https://azmyntra.myntassets.com/dam-assets/assets/images/29066024/2024/4/19/881ee050-cd57-4f0e-91e2-b1a1d8a36b021713527861998ADByArvindMenSlimFitOpaqueCasualShirt1.jpg"", ""supportedResolutions"": ""1080X1440,540X720,180X240,360X480,150X200,96X128,81X108,48X64"", ""order"": 9999}, ""front"": {""imageUrl"": ""http://assets.myntassets.com/assets/images/29066024/2024/4/19/ebdb5a1a-6c4e-48f9-a2b6-8af45452d6001713527861921ADByArvindMenSlimFitOpaqueCasualShirt2.jpg"", ""supportedResolutions"": ""1080X1440,540X720,360X480,48X64,81X108"", ""order"": 2}, ""left"": {""imageUrl"": ""http://assets.myntassets.com/assets/images/29066024/2024/4/19/3a6affb3-93ad-4874-bf71-a794004814101713527861959ADByArvindMenSlimFitOpaqueCasualShirt5.jpg"", ""supportedResolutions"": ""1080X1440,540X720,360X480,48X64,81X108"", ""order"": 5}, ""right"": {""imageUrl"": ""http://assets.myntassets.com/assets/images/29066024/2024/4/19/f444d896-7e34-4b52-a87d-7e93a0ed7cf01713527861844ADByArvindMenSlimFitOpaqueCasualShirt4.jpg"", ""supportedResolutions"": ""1080X1440,540X720,360X480,48X64,81X108"", ""order"": 4}, ""search"": {""imageUrl"": ""http://assets.myntassets.com/assets/images/29066024/2024/4/19/881ee050-cd57-4f0e-91e2-b1a1d8a36b021713527861998ADByArvindMenSlimFitOpaqueCasualShirt1.jpg"", ""supportedResolutions"": ""1080X1440,540X720,180X240,360X480,150X200,96X128,81X108,48X64"", ""order"": 9999}, ""size_representation"": {""imageUrl"": ""http://assets.myntassets.com/assets/images/sizechart/2016/12/14/11481690794680-shirt_men.png""}, ""top"": {""imageUrl"": ""http://assets.myntassets.com/assets/images/29066024/2024/4/19/cec2b45d-b296-4b57-a86e-99ce32c6b2c71713527861883ADByArvindMenSlimFitOpaqueCasualShirt6.jpg"", ""supportedResolutions"": ""1080X1440,540X720,360X480,48X64,81X108"", ""order"": 6}}"
35888507,"{""back"": {""imageUrl"": ""http://assets.myntassets.com/assets/images/2025/JULY/22/xJgZ5hv0_3010686f193047a0b071d1c5f02cc696.jpg"", ""supportedResolutions"": ""1080X1440,540X720,360X480,48X64,81X108"", ""order"": 3}, ""default"": {""imageUrl"": ""http://assets.myntassets.com/assets/images/2025/JULY/22/DQDPYgpJ_aacc6aef5dd34bcf94fa6a6bb173708d.jpg"", ""supportedResolutions"": ""1080X1440,540X720,180X240,360X480,150X200,96X128,81X108,48X64"", ""order"": 1}, ""default_deprecated"": {""imageUrl"": ""https://azmyntra.myntassets.com/dam-assets/assets/images/2025/JULY/22/DQDPYgpJ_aacc6aef5dd34bcf94fa6a6bb173708d.jpg"", ""supportedResolutions"": ""1080X1440,540X720,180X240,360X480,150X200,96X128,81X108,48X64"", ""order"": 9999}, ""front"": {""imageUrl"": ""http://assets.myntassets.com/assets/images/2025/JULY/22/UViY5B96_51026c03a7d143f298bab41b3658c1aa.jpg"", ""supportedResolutions"": ""1080X1440,540X720,360X480,48X64,81X108"", ""order"": 2}, ""left"": {""imageUrl"": ""http://assets.myntassets.com/assets/images/2025/JULY/22/KcdcuhbW_e84c2f87d01d45948a2b2d154e3c75b1.jpg"", ""supportedResolutions"": ""1080X1440,540X720,360X480,48X64,81X108"", ""order"": 5}, ""search"": {""imageUrl"": ""http://assets.myntassets.com/assets/images/2025/JULY/22/DQDPYgpJ_aacc6aef5dd34bcf94fa6a6bb173708d.jpg"", ""supportedResolutions"": ""1080X1440,540X720,180X240,360X480,150X200,96X128,81X108,48X64"", ""order"": 9999}, ""size_representation"": {""imageUrl"": ""http://assets.myntassets.com/assets/images/sizechart/2016/12/14/11481690794680-shirt_men.png""}}"
17357388,"{""back"": {""imageUrl"": ""http://assets.myntassets.com/assets/images/17357388/2023/1/13/04ef5cd0-2349-4f0a-b1a4-52feb55868871673583655999-The-Indian-Garage-Co-Men-Shirts-6141673583655491-3.jpg"", ""supportedResolutions"": ""1080X1440,540X720,360X480,48X64,81X108"", ""order"": 3}, ""default"": {""imageUrl"": ""http://assets.myntassets.com/assets/images/17357388/2023/1/13/bc163292-c398-4477-b731-7794d1a58abb1673583656025-The-Indian-Garage-Co-Men-Shirts-6141673583655491-1.jpg"", ""supportedResolutions"": ""1080X1440,540X720,180X240,360X480,150X200,96X128,81X108,48X64"", ""order"": 1}, ""default_deprecated"": {""imageUrl"": ""https://azmyntra.myntassets.com/dam-assets/assets/images/17357388/2023/1/13/bc163292-c398-4477-b731-7794d1a58abb1673583656025-The-Indian-Garage-Co-Men-Shirts-6141673583655491-1.jpg"", ""supportedResolutions"": ""1080X1440,540X720,180X240,360X480,150X200,96X128,81X108,48X64"", ""order"": 9999}, ""front"": {""imageUrl"": ""http://assets.myntassets.com/assets/images/17357388/2023/1/13/462ff7d8-1b1c-4d68-935d-ef0a1b080b9c1673583656013-The-Indian-Garage-Co-Men-Shirts-6141673583655491-2.jpg"", ""supportedResolutions"": ""1080X1440,540X720,360X480,48X64,81X108"", ""order"": 2}, ""left"": {""imageUrl"": ""http://assets.myntassets.com/assets/images/17357388/2023/1/13/126205fe-af3e-46d8-bc7a-ab2871762b991673583655972-The-Indian-Garage-Co-Men-Shirts-6141673583655491-5.jpg"", ""supportedResolutions"": ""1080X1440,540X720,360X480,48X64,81X108"", ""order"": 5}, ""right"": {""imageUrl"": ""http://assets.myntassets.com/assets/images/17357388/2023/1/13/e5de28e5-b415-4479-82e4-40538e1dce7d1673583655985-The-Indian-Garage-Co-Men-Shirts-6141673583655491-4.jpg"", ""supportedResolutions"": ""1080X1440,540X720,360X480,48X64,81X108"", ""order"": 4}, ""search"": {""imageUrl"": ""http://assets.myntassets.com/assets/images/17357388/2023/1/13/bc163292-c398-4477-b731-7794d1a58abb1673583656025-The-Indian-Garage-Co-Men-Shirts-6141673583655491-1.jpg"", ""supportedResolutions"": ""1080X1440,540X720,180X240,360X480,150X200,96X128,81X108,48X64"", ""order"": 9999}, ""size_representation"": {""imageUrl"": ""http://assets.myntassets.com/assets/images/sizechart/2016/12/14/11481690794680-shirt_men.png""}, ""top"": {""imageUrl"": ""http://assets.myntassets.com/assets/images/17357388/2023/1/13/5041ab8c-aa58-4bff-a285-2066c5b85d4b1673583655956-The-Indian-Garage-Co-Men-Shirts-6141673583655491-6.jpg"", ""supportedResolutions"": ""1080X1440,540X720,360X480,48X64,81X108"", ""order"": 6}}"
22010638,"{""back"": {""imageUrl"": ""http://assets.myntassets.com/assets/images/22010638/2023/2/24/737a6c9f-0454-4d12-9678-3270450825911677224073460-Moda-Rapido-Men-Shirts-2811677224072908-3.jpg"", ""supportedResolutions"": ""1080X1440,540X720,360X480,48X64,81X108"", ""order"": 3}, ""default"": {""imageUrl"": ""http://assets.myntassets.com/assets/images/22010638/2023/2/24/2bc1ff50-78b6-43d2-91ce-fe11f978afe31677224073485-Moda-Rapido-Men-Shirts-2811677224072908-1.jpg"", ""supportedResolutions"": ""1080X1440,540X720,180X240,360X480,150X200,96X128,81X108,48X64"", ""order"": 1}, ""default_deprecated"": {""imageUrl"": ""https://azmyntra.myntassets.com/dam-assets/assets/images/22010638/2023/2/24/2bc1ff50-78b6-43d2-91ce-fe11f978afe31677224073485-Moda-Rapido-Men-Shirts-2811677224072908-1.jpg"", ""supportedResolutions"": ""1080X1440,540X720,180X240,360X480,150X200,96X128,81X108,48X64"", ""order"": 9999}, ""front"": {""imageUrl"": ""http://assets.myntassets.com/assets/images/22010638/2023/2/24/98c2d026-8442-4e34-9553-870cd0df75ac1677224073475-Moda-Rapido-Men-Shirts-2811677224072908-2.jpg"", ""supportedResolutions"": ""1080X1440,540X720,360X480,48X64,81X108"", ""order"": 2}, ""left"": {""imageUrl"": ""http://assets.myntassets.com/assets/images/22010638/2023/2/24/45ad17f9-e0da-415a-9f6a-177b08f7ce5f1677224073431-Moda-Rapido-Men-Shirts-2811677224072908-5.jpg"", ""supportedResolutions"": ""1080X1440,540X720,360X480,48X64,81X108"", ""order"": 5}, ""right"": {""imageUrl"": ""http://assets.myntassets.com/assets/images/22010638/2023/2/24/52a611a1-c34b-43e0-9aed-b8ec285cfd5c1677224073448-Moda-Rapido-Men-Shirts-2811677224072908-4.jpg"", ""supportedResolutions"": ""1080X1440,540X720,360X480,48X64,81X108"", ""order"": 4}, ""search"": {""imageUrl"": ""http://assets.myntassets.com/assets/images/22010638/2023/2/24/2bc1ff50-78b6-43d2-91ce-fe11f978afe31677224073485-Moda-Rapido-Men-Shirts-2811677224072908-1.jpg"", ""supportedResolutions"": ""1080X1440,540X720,180X240,360X480,150X200,96X128,81X108,48X64"", ""order"": 9999}, ""size_representation"": {""imageUrl"": ""http://assets.myntassets.com/assets/images/sizechart/2016/12/14/11481690794680-shirt_men.png""}, ""top"": {""imageUrl"": ""http://assets.myntassets.com/assets/images/22010638/2023/2/24/aa7a4a15-f85f-47c5-a023-3c81debe84be1677224073414-Moda-Rapido-Men-Shirts-2811677224072908-6.jpg"", ""supportedResolutions"": ""1080X1440,540X720,360X480,48X64,81X108"", ""order"": 6}}"
24681706,"{""back"": {""imageUrl"": ""http://assets.myntassets.com/assets/images/24681706/2023/8/27/59b45cd2-69ba-4293-a886-a640f195ed6c1693134858008PowerlookMenMulticolouredTartanChecksOpaqueCheckedCasualShir3.jpg"", ""supportedResolutions"": ""1080X1440,540X720,360X480,48X64,81X108"", ""order"": 3}, ""bottom"": {""imageUrl"": ""http://assets.myntassets.com/assets/images/24681706/2023/8/27/4c936985-ef51-4791-a5d5-2879d1044fde1693134857961PowerlookMenMulticolouredTartanChecksOpaqueCheckedCasualShir7.jpg"", ""supportedResolutions"": ""1080X1440,540X720,360X480,48X64,81X108"", ""order"": 7}, ""default"": {""imageUrl"": ""http://assets.myntassets.com/assets/images/24681706/2023/8/27/5e9ad3d5-951b-4b00-8a13-e1dcea0878cd1693134857976PowerlookMenMulticolouredTartanChecksOpaqueCheckedCasualShir1.jpg"", ""supportedResolutions"": ""1080X1440,540X720,180X240,360X480,150X200,96X128,81X108,48X64"", ""order"": 1}, ""default_deprecated"": {""imageUrl"": ""https://azmyntra.myntassets.com/dam-assets/assets/images/24681706/2023/8/27/5e9ad3d5-951b-4b00-8a13-e1dcea0878cd1693134857976PowerlookMenMulticolouredTartanChecksOpaqueCheckedCasualShir1.jpg"", ""supportedResolutions"": ""1080X1440,540X720,180X240,360X480,150X200,96X128,81X108,48X64"", ""order"": 9999}, ""front"": {""imageUrl"": ""http://assets.myntassets.com/assets/images/24681706/2023/8/27/0c909606-ddac-4a26-a535-1511f9b929d61693134857992PowerlookMenMulticolouredTartanChecksOpaqueCheckedCasualShir2.jpg"", ""supportedResolutions"": ""1080X1440,540X720,360X480,48X64,81X108"", ""order"": 2}, ""left"": {""imageUrl"": ""http://assets.myntassets.com/assets/images/24681706/2023/8/27/89670672-e80e-4f82-8869-7c5f73e6f3261693134857946PowerlookMenMulticolouredTartanChecksOpaqueCheckedCasualShir5.jpg"", ""supportedResolutions"": ""1080X1440,540X720,360X480,48X64,81X108"", ""order"": 5}, ""right"": {""imageUrl"": ""http://assets.myntassets.com/assets/images/24681706/2023/8/27/87727708-0460-4249-8834-6e0277dfa9571693134858025PowerlookMenMulticolouredTartanChecksOpaqueCheckedCasualShir4.jpg"", ""supportedResolutions"": ""1080X1440,540X720,360X480,48X64,81X108"", ""order"": 4}, ""search"": {""imageUrl"": ""http://assets.myntassets.com/assets/images/24681706/2023/8/27/5e9ad3d5-951b-4b00-8a13-e1dcea0878cd1693134857976PowerlookMenMulticolouredTartanChecksOpaqueCheckedCasualShir1.jpg"", ""supportedResolutions"": ""1080X1440,540X720,180X240,360X480,150X200,96X128,81X108,48X64"", ""order"": 9999}, ""size_representation"": {""imageUrl"": ""http://assets.myntassets.com/assets/images/sizechart/2016/12/14/11481690794680-shirt_men.png""}, ""top"": {""imageUrl"": ""http://assets.myntassets.com/assets/images/24681706/2023/8/27/95e26094-9933-4a71-9d1a-b4ba2d50d6b01693134858041PowerlookMenMulticolouredTartanChecksOpaqueCheckedCasualShir6.jpg"", ""supportedResolutions"": ""1080X1440,540X720,360X480,48X64,81X108"", ""order"": 6}}"
34885700,"{""back"": {""imageUrl"": ""http://assets.myntassets.com/assets/images/2025/JUNE/12/V8v6RAQ1_6d09ce2bab324c6380f6a271ce622ffb.jpg"", ""supportedResolutions"": ""1080X1440,540X720,360X480,48X64,81X108"", ""order"": 3}, ""bottom"": {""imageUrl"": ""http://assets.myntassets.com/assets/images/2025/JUNE/12/vGLxmaEx_954863b860c2490c85b89ad59c380710.jpg"", ""supportedResolutions"": ""1080X1440,540X720,360X480,48X64,81X108"", ""order"": 7}, ""default"": {""imageUrl"": ""http://assets.myntassets.com/assets/images/2025/JUNE/12/MQehGVKH_c6fa9321124c4ee2b94bba341cd963d6.jpg"", ""supportedResolutions"": ""1080X1440,540X720,180X240,360X480,150X200,96X128,81X108,48X64"", ""order"": 1}, ""default_deprecated"": {""imageUrl"": ""https://azmyntra.myntassets.com/dam-assets/assets/images/2025/JUNE/12/MQehGVKH_c6fa9321124c4ee2b94bba341cd963d6.jpg"", ""supportedResolutions"": ""1080X1440,540X720,180X240,360X480,150X200,96X128,81X108,48X64"", ""order"": 9999}, ""front"": {""imageUrl"": ""http://assets.myntassets.com/assets/images/2025/JUNE/12/IfDSpqzY_41ca40dd9fe444e4acc4c9f2a6456819.jpg"", ""supportedResolutions"": ""1080X1440,540X720,360X480,48X64,81X108"", ""order"": 2}, ""left"": {""imageUrl"": ""http://assets.myntassets.com/assets/images/2025/JUNE/12/1NEAzja3_500309b3cc744708b4200f400107ad32.jpg"", ""supportedResolutions"": ""1080X1440,540X720,360X480,48X64,81X108"", ""order"": 5}, ""right"": {""imageUrl"": ""http://assets.myntassets.com/assets/images/2025/JUNE/12/FTggTjYZ_9a19e3e2406a45fe82a0779ad632cf82.jpg"", ""supportedResolutions"": ""1080X1440,540X720,360X480,48X64,81X108"", ""order"": 4}, ""search"": {""imageUrl"": ""http://assets.myntassets.com/assets/images/2025/JUNE/12/MQehGVKH_c6fa9321124c4ee2b94bba341cd963d6.jpg"", ""supportedResolutions"": ""1080X1440,540X720,180X240,360X480,150X200,96X128,81X108,48X64"", ""order"": 9999}, ""size_representation"": {""imageUrl"": ""http://assets.myntassets.com/assets/images/sizechart/2016/12/14/11481690794680-shirt_men.png""}, ""top"": {""imageUrl"": ""http://assets.myntassets.com/assets/images/2025/JUNE/12/Pt131l9k_a50a7ace607c4b0db21e588de4224ac6.jpg"", ""supportedResolutions"": ""1080X1440,540X720,360X480,48X64,81X108"", ""order"": 6}}"
24842568,"{""back"": {""imageUrl"": ""http://assets.myntassets.com/assets/images/24842568/2024/3/20/6bd189fd-1b07-49e0-b2e6-4ebf4a347e8c1710939429061ParkAvenuePureCottonSlimFitOpaqueFormalShirt3.jpg"", ""supportedResolutions"": ""1080X1440,540X720,360X480,48X64,81X108"", ""order"": 3}, ""bottom"": {""imageUrl"": ""http://assets.myntassets.com/assets/images/24842568/2024/3/20/1176f73e-d22e-4c15-95a1-a7cc8ef1151e1710939429183ParkAvenuePureCottonSlimFitOpaqueFormalShirt7.jpg"", ""supportedResolutions"": ""1080X1440,540X720,360X480,48X64,81X108"", ""order"": 7}, ""default"": {""imageUrl"": ""http://assets.myntassets.com/assets/images/24842568/2024/3/20/695fa707-e19f-401e-a1fc-7845a8dfd98c1710939429006ParkAvenuePureCottonSlimFitOpaqueFormalShirt1.jpg"", ""supportedResolutions"": ""1080X1440,540X720,180X240,360X480,150X200,96X128,81X108,48X64"", ""order"": 1}, ""default_deprecated"": {""imageUrl"": ""https://azmyntra.myntassets.com/dam-assets/assets/images/24842568/2024/3/20/695fa707-e19f-401e-a1fc-7845a8dfd98c1710939429006ParkAvenuePureCottonSlimFitOpaqueFormalShirt1.jpg"", ""supportedResolutions"": ""1080X1440,540X720,180X240,360X480,150X200,96X128,81X108,48X64"", ""order"": 9999}, ""front"": {""imageUrl"": ""http://assets.myntassets.com/assets/images/24842568/2024/3/20/7c82ea26-9779-4e97-b395-23b344e75c8e1710939429031ParkAvenuePureCottonSlimFitOpaqueFormalShirt2.jpg"", ""supportedResolutions"": ""1080X1440,540X720,360X480,48X64,81X108"", ""order"": 2}, ""left"": {""imageUrl"": ""http://assets.myntassets.com/assets/images/24842568/2024/3/20/b0b79ee7-391e-4935-a6fa-99f5dd344ba41710939429121ParkAvenuePureCottonSlimFitOpaqueFormalShirt5.jpg"", ""supportedResolutions"": ""1080X1440,540X720,360X480,48X64,81X108"", ""order"": 5}, ""right"": {""imageUrl"": ""http://assets.myntassets.com/assets/images/24842568/2024/3/20/2de6ec38-5b04-4f51-a84c-2082b42369fc1710939429091ParkAvenuePureCottonSlimFitOpaqueFormalShirt4.jpg"", ""supportedResolutions"": ""1080X1440,540X720,360X480,48X64,81X108"", ""order"": 4}, ""search"": {""imageUrl"": ""http://assets.myntassets.com/assets/images/24842568/2024/3/20/695fa707-e19f-401e-a1fc-7845a8dfd98c1710939429006ParkAvenuePureCottonSlimFitOpaqueFormalShirt1.jpg"", ""supportedResolutions"": ""1080X1440,540X720,180X240,360X480,150X200,96X128,81X108,48X64"", ""order"": 9999}, ""size_representation"": {""imageUrl"": ""http://assets.myntassets.com/assets/images/sizechart/2016/12/14/11481690794680-shirt_men.png""}, ""top"": {""imageUrl"": ""http://assets.myntassets.com/assets/images/24842568/2024/3/20/a0f0716a-cbb1-4bf0-85a3-d7ceba9f53b01710939429152ParkAvenuePureCottonSlimFitOpaqueFormalShirt6.jpg"", ""supportedResolutions"": ""1080X1440,540X720,360X480,48X64,81X108"", ""order"": 6}}"
24842554,"{""back"": {""imageUrl"": ""http://assets.myntassets.com/assets/images/24842554/2023/11/16/cfe063db-6bbe-41db-8e40-c7c213044e2b1700123438573-Park-Avenue-Men-Pure-Cotton-Slim-Fit-Striped-Formal-Shirt-57-3.jpg"", ""supportedResolutions"": ""1080X1440,540X720,360X480,48X64,81X108"", ""order"": 3}, ""default"": {""imageUrl"": ""http://assets.myntassets.com/assets/images/24842554/2023/11/16/c19efe0a-3ef4-42ca-8d01-7f873fe20b681700123438586-Park-Avenue-Men-Pure-Cotton-Slim-Fit-Striped-Formal-Shirt-57-1.jpg"", ""supportedResolutions"": ""1080X1440,540X720,180X240,360X480,150X200,96X128,81X108,48X64"", ""order"": 1}, ""default_deprecated"": {""imageUrl"": ""https://azmyntra.myntassets.com/dam-assets/assets/images/24842554/2023/11/16/c19efe0a-3ef4-42ca-8d01-7f873fe20b681700123438586-Park-Avenue-Men-Pure-Cotton-Slim-Fit-Striped-Formal-Shirt-57-1.jpg"", ""supportedResolutions"": ""1080X1440,540X720,180X240,360X480,150X200,96X128,81X108,48X64"", ""order"": 9999}, ""front"": {""imageUrl"": ""http://assets.myntassets.com/assets/images/24842554/2023/11/16/18547cfe-589b-4507-8e73-328982caa31a1700123438579-Park-Avenue-Men-Pure-Cotton-Slim-Fit-Striped-Formal-Shirt-57-2.jpg"", ""supportedResolutions"": ""1080X1440,540X720,360X480,48X64,81X108"", ""order"": 2}, ""left"": {""imageUrl"": ""http://assets.myntassets.com/assets/images/24842554/2023/11/16/bc57d889-8db4-44ec-81cc-b6cc2750d0531700123438560-Park-Avenue-Men-Pure-Cotton-Slim-Fit-Striped-Formal-Shirt-57-5.jpg"", ""supportedResolutions"": ""1080X1440,540X720,360X480,48X64,81X108"", ""order"": 5}, ""right"": {""imageUrl"": ""http://assets.myntassets.com/assets/images/24842554/2023/11/16/e9c9d15f-7d6e-4ff1-93a2-0b99ea9f21f71700123438566-Park-Avenue-Men-Pure-Cotton-Slim-Fit-Striped-Formal-Shirt-57-4.jpg"", ""supportedResolutions"": ""1080X1440,540X720,360X480,48X64,81X108"", ""order"": 4}, ""search"": {""imageUrl"": ""http://assets.myntassets.com/assets/images/24842554/2023/11/16/c19efe0a-3ef4-42ca-8d01-7f873fe20b681700123438586-Park-Avenue-Men-Pure-Cotton-Slim-Fit-Striped-Formal-Shirt-57-1.jpg"", ""supportedResolutions"": ""1080X1440,540X720,180X240,360X480,150X200,96X128,81X108,48X64"", ""order"": 9999}, ""size_representation"": {""imageUrl"": ""http://assets.myntassets.com/assets/images/sizechart/2016/12/14/11481690794680-shirt_men.png""}, ""top"": {""imageUrl"": ""http://assets.myntassets.com/assets/images/24842554/2023/11/16/9005aebb-eb03-43fa-8e24-d97d6e65772f1700123438553-Park-Avenue-Men-Pure-Cotton-Slim-Fit-Striped-Formal-Shirt-57-6.jpg"", ""supportedResolutions"": ""1080X1440,540X720,360X480,48X64,81X108"", ""order"": 6}}"
25942874,"{""back"": {""imageUrl"": ""http://assets.myntassets.com/assets/images/25942874/2023/12/5/0c85372b-208f-4bd4-afeb-5d0ad2c96eda1701754825127-Raymond-Men-Shirts-1061701754824728-3.jpg"", ""supportedResolutions"": ""1080X1440,540X720,360X480,48X64,81X108"", ""order"": 3}, ""default"": {""imageUrl"": ""http://assets.myntassets.com/assets/images/25942874/2023/12/5/b3e1d1f7-dc42-4264-9744-ca8793d169cd1701754825141-Raymond-Men-Shirts-1061701754824728-1.jpg"", ""supportedResolutions"": ""1080X1440,540X720,180X240,360X480,150X200,96X128,81X108,48X64"", ""order"": 1}, ""default_deprecated"": {""imageUrl"": ""https://azmyntra.myntassets.com/dam-assets/assets/images/25942874/2023/12/5/b3e1d1f7-dc42-4264-9744-ca8793d169cd1701754825141-Raymond-Men-Shirts-1061701754824728-1.jpg"", ""supportedResolutions"": ""1080X1440,540X720,180X240,360X480,150X200,96X128,81X108,48X64"", ""order"": 9999}, ""front"": {""imageUrl"": ""http://assets.myntassets.com/assets/images/25942874/2023/12/5/51135722-da5c-4ce0-bb63-b289af96ba1a1701754825134-Raymond-Men-Shirts-1061701754824728-2.jpg"", ""supportedResolutions"": ""1080X1440,540X720,360X480,48X64,81X108"", ""order"": 2}, ""left"": {""imageUrl"": ""http://assets.myntassets.com/assets/images/25942874/2023/12/5/cd6898ce-f4c1-4338-91b0-5a58418466a31701754825113-Raymond-Men-Shirts-1061701754824728-5.jpg"", ""supportedResolutions"": ""1080X1440,540X720,360X480,48X64,81X108"", ""order"": 5}, ""right"": {""imageUrl"": ""http://assets.myntassets.com/assets/images/25942874/2023/12/5/3b2615c2-033e-4809-8482-d81d999bdc521701754825120-Raymond-Men-Shirts-1061701754824728-4.jpg"", ""supportedResolutions"": ""1080X1440,540X720,360X480,48X64,81X108"", ""order"": 4}, ""search"": {""imageUrl"": ""http://assets.myntassets.com/assets/images/25942874/2023/12/5/b3e1d1f7-dc42-4264-9744-ca8793d169cd1701754825141-Raymond-Men-Shirts-1061701754824728-1.jpg"", ""supportedResolutions"": ""1080X1440,540X720,180X240,360X480,150X200,96X128,81X108,48X64"", ""order"": 9999}, ""size_representation"": {""imageUrl"": ""http://assets.myntassets.com/assets/images/sizechart/2016/12/14/11481690794680-shirt_men.png""}, ""top"": {""imageUrl"": ""http://assets.myntassets.com/assets/images/25942874/2023/12/5/d2a55af1-d5b3-401d-b135-7a4d730f820f1701754825106-Raymond-Men-Shirts-1061701754824728-6.jpg"", ""supportedResolutions"": ""1080X1440,540X720,360X480,48X64,81X108"", ""order"": 6}}"
31014875,"{""default"": {""imageUrl"": ""http://assets.myntassets.com/assets/images/2025/APRIL/24/tjlztGaF_822d160dea33450c94a27cc17dfdaf4c.jpg"", ""supportedResolutions"": ""1080X1440,540X720,180X240,360X480,150X200,96X128,81X108,48X64"", ""order"": 1}, ""default_deprecated"": {""imageUrl"": ""https://azmyntra.myntassets.com/dam-assets/assets/images/2025/APRIL/24/tjlztGaF_822d160dea33450c94a27cc17dfdaf4c.jpg"", ""supportedResolutions"": ""1080X1440,540X720,180X240,360X480,150X200,96X128,81X108,48X64"", ""order"": 9999}, ""front"": {""imageUrl"": ""http://assets.myntassets.com/assets/images/2025/APRIL/24/0lesWaEM_80bcfc97cdfc41a59f0da3612fdcf5fb.jpg"", ""supportedResolutions"": ""1080X1440,540X720,360X480,48X64,81X108"", ""order"": 2}, ""search"": {""imageUrl"": ""http://assets.myntassets.com/assets/images/2025/APRIL/24/tjlztGaF_822d160dea33450c94a27cc17dfdaf4c.jpg"", ""supportedResolutions"": ""1080X1440,540X720,180X240,360X480,150X200,96X128,81X108,48X64"", ""order"": 9999}, ""size_representation"": {""imageUrl"": ""http://assets.myntassets.com/assets/images/sizechart/2016/12/14/11481690710087-jacket_men.png""}}"
11846940,"{""back"": {""imageUrl"": ""http://assets.myntassets.com/assets/images/11846940/2020/9/25/c240bf51-b83e-4468-8a93-a8f3fd78b1141601029454009-HRX-by-Hrithik-Roshan-Men-Jackets-6241601029451849-3.jpg"", ""supportedResolutions"": ""1080X1440,540X720,360X480,48X64,81X108"", ""order"": 3}, ""bottom"": {""imageUrl"": ""http://assets.myntassets.com/assets/images/11846940/2020/9/25/8b9f2af5-a10a-4268-9d2c-fe99172c4fd01601029453811-HRX-by-Hrithik-Roshan-Men-Jackets-6241601029451849-7.jpg"", ""supportedResolutions"": ""1080X1440,540X720,360X480,48X64,81X108"", ""order"": 7}, ""default"": {""imageUrl"": ""http://assets.myntassets.com/assets/images/11846940/2020/9/25/4865add2-7c5e-4627-bee0-1c5840cfd72d1601029454113-HRX-by-Hrithik-Roshan-Men-Jackets-6241601029451849-1.jpg"", ""supportedResolutions"": ""1080X1440,540X720,180X240,360X480,150X200,96X128,81X108,48X64"", ""order"": 1}, ""default_deprecated"": {""imageUrl"": ""https://azmyntra.myntassets.com/dam-assets/assets/images/11846940/2020/9/25/4865add2-7c5e-4627-bee0-1c5840cfd72d1601029454113-HRX-by-Hrithik-Roshan-Men-Jackets-6241601029451849-1.jpg"", ""supportedResolutions"": ""1080X1440,540X720,180X240,360X480,150X200,96X128,81X108,48X64"", ""order"": 9999}, ""front"": {""imageUrl"": ""http://assets.myntassets.com/assets/images/11846940/2020/9/25/36318043-a736-4841-acaf-22d1423e67321601029454057-HRX-by-Hrithik-Roshan-Men-Jackets-6241601029451849-2.jpg"", ""supportedResolutions"": ""1080X1440,540X720,360X480,48X64,81X108"", ""order"": 2}, ""left"": {""imageUrl"": ""http://assets.myntassets.com/assets/images/11846940/2020/9/25/170a36fc-7409-487d-9b90-acc5213dc28d1601029453918-HRX-by-Hrithik-Roshan-Men-Jackets-6241601029451849-5.jpg"", ""supportedResolutions"": ""1080X1440,540X720,360X480,48X64,81X108"", ""order"": 5}, ""right"": {""imageUrl"": ""http://assets.myntassets.com/assets/images/11846940/2020/9/25/861020d9-d6cf-4452-9c17-0478bcc25f4b1601029453963-HRX-by-Hrithik-Roshan-Men-Jackets-6241601029451849-4.jpg"", ""supportedResolutions"": ""1080X1440,540X720,360X480,48X64,81X108"", ""order"": 4}, ""search"": {""imageUrl"": ""http://assets.myntassets.com/assets/images/11846940/2020/9/25/4865add2-7c5e-4627-bee0-1c5840cfd72d1601029454113-HRX-by-Hrithik-Roshan-Men-Jackets-6241601029451849-1.jpg"", ""supportedResolutions"": ""1080X1440,540X720,180X240,360X480,150X200,96X128,81X108,48X64"", ""order"": 9999}, ""size_representation"": {""imageUrl"": ""http://assets.myntassets.com/assets/images/sizechart/2016/12/14/11481690710087-jacket_men.png""}, ""top"": {""imageUrl"": ""http://assets.myntassets.com/assets/images/11846940/2020/9/25/14f99f57-c397-437c-bc3a-394714c364d11601029453872-HRX-by-Hrithik-Roshan-Men-Jackets-6241601029451849-6.jpg"", ""supportedResolutions"": ""1080X1440,540X720,360X480,48X64,81X108"", ""order"": 6}}"
26146744,"{""back"": {""imageUrl"": ""http://assets.myntassets.com/assets/images/2025/DECEMBER/12/2ba8iqGd_7b1047aa8e9547d5b79ccbd560c18278.jpg"", ""supportedResolutions"": ""1080X1440,540X720,360X480,48X64,81X108"", ""order"": 3}, ""default"": {""imageUrl"": ""http://assets.myntassets.com/assets/images/2025/DECEMBER/12/DfosiEhH_1cae9006c0bf43feb208193a5e017d0d.jpg"", ""supportedResolutions"": ""1080X1440,540X720,180X240,360X480,150X200,96X128,81X108,48X64"", ""order"": 1}, ""default_deprecated"": {""imageUrl"": ""https://azmyntra.myntassets.com/dam-assets/assets/images/2025/DECEMBER/12/DfosiEhH_1cae9006c0bf43feb208193a5e017d0d.jpg"", ""supportedResolutions"": ""1080X1440,540X720,180X240,360X480,150X200,96X128,81X108,48X64"", ""order"": 9999}, ""front"": {""imageUrl"": ""http://assets.myntassets.com/assets/images/2025/DECEMBER/12/mlyzpFh3_6857ee26a198410c8bd09da2118289b9.jpg"", ""supportedResolutions"": ""1080X1440,540X720,360X480,48X64,81X108"", ""order"": 2}, ""left"": {""imageUrl"": ""http://assets.myntassets.com/assets/images/2025/DECEMBER/12/ew3R3T7j_9ff1ff11e9014f9490561c5c64a88736.jpg"", ""supportedResolutions"": ""1080X1440,540X720,360X480,48X64,81X108"", ""order"": 5}, ""right"": {""imageUrl"": ""http://assets.myntassets.com/assets/images/2025/DECEMBER/12/q3oK0LAf_daf2d615ec5d4131a2dca25e306b0ddf.jpg"", ""supportedResolutions"": ""1080X1440,540X720,360X480,48X64,81X108"", ""order"": 4}, ""search"": {""imageUrl"": ""http://assets.myntassets.com/assets/images/2025/DECEMBER/12/DfosiEhH_1cae9006c0bf43feb208193a5e017d0d.jpg"", ""supportedResolutions"": ""1080X1440,540X720,180X240,360X480,150X200,96X128,81X108,48X64"", ""order"": 9999}, ""size_representation"": {""imageUrl"": ""http://assets.myntassets.com/assets/images/sizechart/2016/12/14/11481690710087-jacket_men.png""}, ""top"": {""imageUrl"": ""http://assets.myntassets.com/assets/images/2025/DECEMBER/12/p7J3kYSN_e488be390b0d4d12bf3ec5b769551258.jpg"", ""supportedResolutions"": ""1080X1440,540X720,360X480,48X64,81X108"", ""order"": 6}}"
28641796,"{""back"": {""imageUrl"": ""http://assets.myntassets.com/assets/images/2025/DECEMBER/12/7DAi0MNA_6d10ade94de24be1b690f5bbf7e025c5.jpg"", ""supportedResolutions"": ""1080X1440,540X720,360X480,48X64,81X108"", ""order"": 3}, ""default"": {""imageUrl"": ""http://assets.myntassets.com/assets/images/2025/DECEMBER/12/gInV2Z8F_84ad968764ae4ec7a00afaa122e9b343.jpg"", ""supportedResolutions"": ""1080X1440,540X720,180X240,360X480,150X200,96X128,81X108,48X64"", ""order"": 1}, ""default_deprecated"": {""imageUrl"": ""https://azmyntra.myntassets.com/dam-assets/assets/images/2025/DECEMBER/12/gInV2Z8F_84ad968764ae4ec7a00afaa122e9b343.jpg"", ""supportedResolutions"": ""1080X1440,540X720,180X240,360X480,150X200,96X128,81X108,48X64"", ""order"": 9999}, ""front"": {""imageUrl"": ""http://assets.myntassets.com/assets/images/2025/DECEMBER/12/bI4w5NTx_f53e18217d9f48f4a36a640976cba752.jpg"", ""supportedResolutions"": ""1080X1440,540X720,360X480,48X64,81X108"", ""order"": 2}, ""left"": {""imageUrl"": ""http://assets.myntassets.com/assets/images/2025/DECEMBER/12/ZsEi1kFP_c683a7653dd144e58d1abd758b401e56.jpg"", ""supportedResolutions"": ""1080X1440,540X720,360X480,48X64,81X108"", ""order"": 5}, ""right"": {""imageUrl"": ""http://assets.myntassets.com/assets/images/2025/DECEMBER/12/d78KfxZl_a054de1d81954a87a1f8cc7ed02d1ef5.jpg"", ""supportedResolutions"": ""1080X1440,540X720,360X480,48X64,81X108"", ""order"": 4}, ""search"": {""imageUrl"": ""http://assets.myntassets.com/assets/images/2025/DECEMBER/12/gInV2Z8F_84ad968764ae4ec7a00afaa122e9b343.jpg"", ""supportedResolutions"": ""1080X1440,540X720,180X240,360X480,150X200,96X128,81X108,48X64"", ""order"": 9999}, ""size_representation"": {""imageUrl"": ""http://assets.myntassets.com/assets/images/sizechart/2016/12/14/11481690710087-jacket_men.png""}, ""top"": {""imageUrl"": ""http://assets.myntassets.com/assets/images/2025/DECEMBER/12/5LPeMTfT_98df284a904f48e78f976737e27520a8.jpg"", ""supportedResolutions"": ""1080X1440,540X720,360X480,48X64,81X108"", ""order"": 6}}"
31162118,"{""back"": {""imageUrl"": ""http://assets.myntassets.com/assets/images/2025/APRIL/24/YcfNiLN9_34b98260e5c948e382e07fee9b61ca49.jpg"", ""supportedResolutions"": ""1080X1440,540X720,360X480,48X64,81X108"", ""order"": 3}, ""default"": {""imageUrl"": ""http://assets.myntassets.com/assets/images/2025/APRIL/24/Lmymwynh_0c2bfc47761f4874acbddb1aa9d36f69.jpg"", ""supportedResolutions"": ""1080X1440,540X720,180X240,360X480,150X200,96X128,81X108,48X64"", ""order"": 1}, ""default_deprecated"": {""imageUrl"": ""https://azmyntra.myntassets.com/dam-assets/assets/images/2025/APRIL/24/Lmymwynh_0c2bfc47761f4874acbddb1aa9d36f69.jpg"", ""supportedResolutions"": ""1080X1440,540X720,180X240,360X480,150X200,96X128,81X108,48X64"", ""order"": 9999}, ""front"": {""imageUrl"": ""http://assets.myntassets.com/assets/images/2025/APRIL/24/TgGFXm1I_ebee2762421f4a98a72a8b7c35cd6807.jpg"", ""supportedResolutions"": ""1080X1440,540X720,360X480,48X64,81X108"", ""order"": 2}, ""right"": {""imageUrl"": ""http://assets.myntassets.com/assets/images/2025/APRIL/24/gxfoRhOH_29a84fcb01a1443589d9c64a21b5cbfc.jpg"", ""supportedResolutions"": ""1080X1440,540X720,360X480,48X64,81X108"", ""order"": 4}, ""search"": {""imageUrl"": ""http://assets.myntassets.com/assets/images/2025/APRIL/24/Lmymwynh_0c2bfc47761f4874acbddb1aa9d36f69.jpg"", ""supportedResolutions"": ""1080X1440,540X720,180X240,360X480,150X200,96X128,81X108,48X64"", ""order"": 9999}, ""size_representation"": {""imageUrl"": ""http://assets.myntassets.com/assets/images/sizechart/2016/12/14/11481690710087-jacket_men.png""}}"
33187095,"{""back"": {""imageUrl"": ""http://assets.myntassets.com/assets/images/2025/OCTOBER/17/yiJSbyvc_f5a136a6ea2f412db0ed8903d2bef6e9.jpg"", ""supportedResolutions"": ""1080X1440,540X720,360X480,48X64,81X108"", ""order"": 3}, ""bottom"": {""imageUrl"": ""http://assets.myntassets.com/assets/images/2025/OCTOBER/17/IBY3kMyS_42bb375004b841438e4a442454054d82.jpg"", ""supportedResolutions"": ""1080X1440,540X720,360X480,48X64,81X108"", ""order"": 7}, ""default"": {""imageUrl"": ""http://assets.myntassets.com/assets/images/2025/OCTOBER/17/0RTRSHc7_8f8051a916d54779b6ee2815410904e1.jpg"", ""supportedResolutions"": ""1080X1440,540X720,180X240,360X480,150X200,96X128,81X108,48X64"", ""order"": 1}, ""default_deprecated"": {""imageUrl"": ""https://azmyntra.myntassets.com/dam-assets/assets/images/2025/OCTOBER/17/0RTRSHc7_8f8051a916d54779b6ee2815410904e1.jpg"", ""supportedResolutions"": ""1080X1440,540X720,180X240,360X480,150X200,96X128,81X108,48X64"", ""order"": 9999}, ""front"": {""imageUrl"": ""http://assets.myntassets.com/assets/images/2025/OCTOBER/17/i3DUlnQ9_05f852b5ec9f407092cdba19ce2c9e3f.jpg"", ""supportedResolutions"": ""1080X1440,540X720,360X480,48X64,81X108"", ""order"": 2}, ""image11"": {""imageUrl"": ""http://assets.myntassets.com/assets/images/2025/OCTOBER/17/Nxx7vSfi_a2943f44a7054cea9b198ff9eb8fe415.jpg"", ""order"": 11}, ""left"": {""imageUrl"": ""http://assets.myntassets.com/assets/images/2025/OCTOBER/17/XA1vTzH1_8d558c4274c648a3bd516094002cf74b.jpg"", ""supportedResolutions"": ""1080X1440,540X720,360X480,48X64,81X108"", ""order"": 5}, ""right"": {""imageUrl"": ""http://assets.myntassets.com/assets/images/2025/OCTOBER/17/Dv7r4bhO_2880e002a5b144d5958f775e27ccad3f.jpg"", ""supportedResolutions"": ""1080X1440,540X720,360X480,48X64,81X108"", ""order"": 4}, ""search"": {""imageUrl"": ""http://assets.myntassets.com/assets/images/2025/OCTOBER/17/0RTRSHc7_8f8051a916d54779b6ee2815410904e1.jpg"", ""supportedResolutions"": ""1080X1440,540X720,180X240,360X480,150X200,96X128,81X108,48X64"", ""order"": 9999}, ""size_representation"": {""imageUrl"": ""http://assets.myntassets.com/assets/images/sizechart/2016/12/14/11481690710087-jacket_men.png""}, ""top"": {""imageUrl"": ""http://assets.myntassets.com/assets/images/2025/OCTOBER/17/P3KrNdnz_eb7881657d014fec8f63335271d7160d.jpg"", ""supportedResolutions"": ""1080X1440,540X720,360X480,48X64,81X108"", ""order"": 6}}"
33570152,"{""back"": {""imageUrl"": ""http://assets.myntassets.com/assets/images/2025/DECEMBER/11/lyGP8EDQ_6c57ac48b5ff417eaa15ea47559830ed.jpg"", ""supportedResolutions"": ""1080X1440,540X720,360X480,48X64,81X108"", ""order"": 3}, ""default"": {""imageUrl"": ""http://assets.myntassets.com/assets/images/2025/DECEMBER/11/4Sz1GPpI_60b1261348e6459fa15b011f73c5d444.jpg"", ""supportedResolutions"": ""1080X1440,540X720,180X240,360X480,150X200,96X128,81X108,48X64"", ""order"": 1}, ""default_deprecated"": {""imageUrl"": ""https://azmyntra.myntassets.com/dam-assets/assets/images/2025/DECEMBER/11/4Sz1GPpI_60b1261348e6459fa15b011f73c5d444.jpg"", ""supportedResolutions"": ""1080X1440,540X720,180X240,360X480,150X200,96X128,81X108,48X64"", ""order"": 9999}, ""front"": {""imageUrl"": ""http://assets.myntassets.com/assets/images/2025/DECEMBER/11/R849sKl4_c8d3f920463d41049a4b636841b87cef.jpg"", ""supportedResolutions"": ""1080X1440,540X720,360X480,48X64,81X108"", ""order"": 2}, ""left"": {""imageUrl"": ""http://assets.myntassets.com/assets/images/2025/DECEMBER/11/Z7QLWFq2_d91968fb43c5477d8fa182ad523bc839.jpg"", ""supportedResolutions"": ""1080X1440,540X720,360X480,48X64,81X108"", ""order"": 5}, ""right"": {""imageUrl"": ""http://assets.myntassets.com/assets/images/2025/DECEMBER/11/wIIFvUYZ_6965547d64e1488eb4a453eb0296a200.jpg"", ""supportedResolutions"": ""1080X1440,540X720,360X480,48X64,81X108"", ""order"": 4}, ""search"": {""imageUrl"": ""http://assets.myntassets.com/assets/images/2025/DECEMBER/11/4Sz1GPpI_60b1261348e6459fa15b011f73c5d444.jpg"", ""supportedResolutions"": ""1080X1440,540X720,180X240,360X480,150X200,96X128,81X108,48X64"", ""order"": 9999}, ""size_representation"": {""imageUrl"": ""http://assets.myntassets.com/assets/images/sizechart/2016/12/14/11481690710087-jacket_men.png""}}"
38545169,"{""back"": {""imageUrl"": ""http://assets.myntassets.com/assets/images/2025/DECEMBER/10/biflxNfX_1d4692dfa3ba484fb82530f2a6732ef8.jpg"", ""supportedResolutions"": ""1080X1440,540X720,360X480,48X64,81X108"", ""order"": 3}, ""bottom"": {""imageUrl"": ""http://assets.myntassets.com/assets/images/2025/DECEMBER/10/EgcOkMgV_33c0af993f884d93a429c4c36507f3f3.jpg"", ""supportedResolutions"": ""1080X1440,540X720,360X480,48X64,81X108"", ""order"": 7}, ""default"": {""imageUrl"": ""http://assets.myntassets.com/assets/images/2025/DECEMBER/10/lmkyTZX0_06c2f5c5db1c472db847969a26bfe9bf.jpg"", ""supportedResolutions"": ""1080X1440,540X720,180X240,360X480,150X200,96X128,81X108,48X64"", ""order"": 1}, ""default_deprecated"": {""imageUrl"": ""https://azmyntra.myntassets.com/dam-assets/assets/images/2025/DECEMBER/10/lmkyTZX0_06c2f5c5db1c472db847969a26bfe9bf.jpg"", ""supportedResolutions"": ""1080X1440,540X720,180X240,360X480,150X200,96X128,81X108,48X64"", ""order"": 9999}, ""front"": {""imageUrl"": ""http://assets.myntassets.com/assets/images/2025/DECEMBER/10/i3VExVH9_d273115a9a074065a90d87818306788c.jpg"", ""supportedResolutions"": ""1080X1440,540X720,360X480,48X64,81X108"", ""order"": 2}, ""left"": {""imageUrl"": ""http://assets.myntassets.com/assets/images/2025/DECEMBER/10/GXLataTm_f5813f375d054fb6977d54ad5a57e24c.jpg"", ""supportedResolutions"": ""1080X1440,540X720,360X480,48X64,81X108"", ""order"": 5}, ""right"": {""imageUrl"": ""http://assets.myntassets.com/assets/images/2025/DECEMBER/10/21T3pxq6_4026e64bce6b48b280fc159df05f5f4e.jpg"", ""supportedResolutions"": ""1080X1440,540X720,360X480,48X64,81X108"", ""order"": 4}, ""search"": {""imageUrl"": ""http://assets.myntassets.com/assets/images/2025/DECEMBER/10/lmkyTZX0_06c2f5c5db1c472db847969a26bfe9bf.jpg"", ""supportedResolutions"": ""1080X1440,540X720,180X240,360X480,150X200,96X128,81X108,48X64"", ""order"": 9999}, ""size_representation"": {""imageUrl"": ""http://assets.myntassets.com/assets/images/sizechart/2016/12/14/11481690710087-jacket_men.png""}, ""top"": {""imageUrl"": ""http://assets.myntassets.com/assets/images/2025/DECEMBER/10/9HT6kmkr_118f2cafd7294a4ea341fc839a85e363.jpg"", ""supportedResolutions"": ""1080X1440,540X720,360X480,48X64,81X108"", ""order"": 6}}"
31282156,"{""back"": {""imageUrl"": ""http://assets.myntassets.com/assets/images/2026/JANUARY/9/Ee9ubexI_c0c3d928f12d42b0baf160e5d2a923ab.jpg"", ""supportedResolutions"": ""1080X1440,540X720,360X480,48X64,81X108"", ""order"": 3}, ""bottom"": {""imageUrl"": ""http://assets.myntassets.com/assets/images/2026/JANUARY/9/uuYa7cYv_7c599d7ff8f241d79e8c9354913c0017.jpg"", ""supportedResolutions"": ""1080X1440,540X720,360X480,48X64,81X108"", ""order"": 7}, ""default"": {""imageUrl"": ""http://assets.myntassets.com/assets/images/2026/JANUARY/9/pZVuUiKc_e2c77e5e78ef41738dce636b3d4db9d1.jpg"", ""supportedResolutions"": ""1080X1440,540X720,180X240,360X480,150X200,96X128,81X108,48X64"", ""order"": 1}, ""default_deprecated"": {""imageUrl"": ""https://azmyntra.myntassets.com/dam-assets/assets/images/2026/JANUARY/9/pZVuUiKc_e2c77e5e78ef41738dce636b3d4db9d1.jpg"", ""supportedResolutions"": ""1080X1440,540X720,180X240,360X480,150X200,96X128,81X108,48X64"", ""order"": 9999}, ""front"": {""imageUrl"": ""http://assets.myntassets.com/assets/images/2026/JANUARY/9/Z0Rh4ItK_087f226875d24ceeb4cac3fa3f1e3902.jpg"", ""supportedResolutions"": ""1080X1440,540X720,360X480,48X64,81X108"", ""order"": 2}, ""left"": {""imageUrl"": ""http://assets.myntassets.com/assets/images/2026/JANUARY/9/SxPZGx4u_28a931748cb74a698a9e1ba0f6dac163.jpg"", ""supportedResolutions"": ""1080X1440,540X720,360X480,48X64,81X108"", ""order"": 5}, ""right"": {""imageUrl"": ""http://assets.myntassets.com/assets/images/2026/JANUARY/9/xM0Omo1T_a6b933f1156e40068fdcc76816ba30d6.jpg"", ""supportedResolutions"": ""1080X1440,540X720,360X480,48X64,81X108"", ""order"": 4}, ""search"": {""imageUrl"": ""http://assets.myntassets.com/assets/images/2026/JANUARY/9/pZVuUiKc_e2c77e5e78ef41738dce636b3d4db9d1.jpg"", ""supportedResolutions"": ""1080X1440,540X720,180X240,360X480,150X200,96X128,81X108,48X64"", ""order"": 9999}, ""size_representation"": {""imageUrl"": ""http://assets.myntassets.com/assets/images/sizechart/2016/12/14/11481690710087-jacket_men.png""}, ""top"": {""imageUrl"": ""http://assets.myntassets.com/assets/images/2026/JANUARY/9/4FlEWXQx_4f9393cf13e141bfa9ef5d99e51c3f30.jpg"", ""supportedResolutions"": ""1080X1440,540X720,360X480,48X64,81X108"", ""order"": 6}}"
31400852,"{""back"": {""imageUrl"": ""http://assets.myntassets.com/assets/images/2025/APRIL/23/91eUQ6ea_d002322bb6844922ab89caba8263e049.jpg"", ""supportedResolutions"": ""1080X1440,540X720,360X480,48X64,81X108"", ""order"": 3}, ""default"": {""imageUrl"": ""http://assets.myntassets.com/assets/images/2025/APRIL/23/7MWsWwgc_2831a6c2c7114762ae41954fc5d85fce.jpg"", ""supportedResolutions"": ""1080X1440,540X720,180X240,360X480,150X200,96X128,81X108,48X64"", ""order"": 1}, ""default_deprecated"": {""imageUrl"": ""https://azmyntra.myntassets.com/dam-assets/assets/images/2025/APRIL/23/7MWsWwgc_2831a6c2c7114762ae41954fc5d85fce.jpg"", ""supportedResolutions"": ""1080X1440,540X720,180X240,360X480,150X200,96X128,81X108,48X64"", ""order"": 9999}, ""front"": {""imageUrl"": ""http://assets.myntassets.com/assets/images/2025/APRIL/23/k0CkcUyG_9980334e62e1421b99fd19405556b044.jpg"", ""supportedResolutions"": ""1080X1440,540X720,360X480,48X64,81X108"", ""order"": 2}, ""right"": {""imageUrl"": ""http://assets.myntassets.com/assets/images/2025/APRIL/23/b5lbZP90_8384c39df7474402be275584c6e57fc8.jpg"", ""supportedResolutions"": ""1080X1440,540X720,360X480,48X64,81X108"", ""order"": 4}, ""search"": {""imageUrl"": ""http://assets.myntassets.com/assets/images/2025/APRIL/23/7MWsWwgc_2831a6c2c7114762ae41954fc5d85fce.jpg"", ""supportedResolutions"": ""1080X1440,540X720,180X240,360X480,150X200,96X128,81X108,48X64"", ""order"": 9999}, ""size_representation"": {""imageUrl"": ""http://assets.myntassets.com/assets/images/sizechart/2016/12/14/11481690710087-jacket_men.png""}}"
25756782,"{""back"": {""imageUrl"": ""http://assets.myntassets.com/assets/images/25756782/2024/2/2/ffb3a59a-e96c-4a20-91c6-1f7096012b7d1706867126826-Levis-Men-Jeans-4681706867126446-3.jpg"", ""supportedResolutions"": ""1080X1440,540X720,360X480,48X64,81X108"", ""order"": 3}, ""bottom"": {""imageUrl"": ""http://assets.myntassets.com/assets/images/25756782/2024/2/2/48882dc1-1b5f-4f6f-bbd3-f0e4b5e367db1706867126797-Levis-Men-Jeans-4681706867126446-7.jpg"", ""supportedResolutions"": ""1080X1440,540X720,360X480,48X64,81X108"", ""order"": 7}, ""default"": {""imageUrl"": ""http://assets.myntassets.com/assets/images/25756782/2024/2/2/3f51f92b-2663-452d-b1bd-b03827c445171706867126839-Levis-Men-Jeans-4681706867126446-1.jpg"", ""supportedResolutions"": ""1080X1440,540X720,180X240,360X480,150X200,96X128,81X108,48X64"", ""order"": 1}, ""default_deprecated"": {""imageUrl"": ""https://azmyntra.myntassets.com/dam-assets/assets/images/25756782/2024/2/2/3f51f92b-2663-452d-b1bd-b03827c445171706867126839-Levis-Men-Jeans-4681706867126446-1.jpg"", ""supportedResolutions"": ""1080X1440,540X720,180X240,360X480,150X200,96X128,81X108,48X64"", ""order"": 9999}, ""front"": {""imageUrl"": ""http://assets.myntassets.com/assets/images/25756782/2024/2/2/dcfc3209-4b69-46f9-b4b9-0e43131421c41706867126832-Levis-Men-Jeans-4681706867126446-2.jpg"", ""supportedResolutions"": ""1080X1440,540X720,360X480,48X64,81X108"", ""order"": 2}, ""left"": {""imageUrl"": ""http://assets.myntassets.com/assets/images/25756782/2024/2/2/39a788ee-61b7-4692-b6f7-8022acd327d21706867126812-Levis-Men-Jeans-4681706867126446-5.jpg"", ""supportedResolutions"": ""1080X1440,540X720,360X480,48X64,81X108"", ""order"": 5}, ""right"": {""imageUrl"": ""http://assets.myntassets.com/assets/images/25756782/2024/2/2/922cab0d-1933-43e2-ba02-ce738598d7461706867126819-Levis-Men-Jeans-4681706867126446-4.jpg"", ""supportedResolutions"": ""1080X1440,540X720,360X480,48X64,81X108"", ""order"": 4}, ""search"": {""imageUrl"": ""http://assets.myntassets.com/assets/images/25756782/2024/2/2/3f51f92b-2663-452d-b1bd-b03827c445171706867126839-Levis-Men-Jeans-4681706867126446-1.jpg"", ""supportedResolutions"": ""1080X1440,540X720,180X240,360X480,150X200,96X128,81X108,48X64"", ""order"": 9999}, ""size_representation"": {""imageUrl"": ""http://assets.myntassets.com/assets/images/sizechart/2016/12/12/11481538267773-Jeans.png""}, ""top"": {""imageUrl"": ""http://assets.myntassets.com/assets/images/25756782/2024/2/2/a25f90a7-67ab-4772-a351-e039dcda5b401706867126805-Levis-Men-Jeans-4681706867126446-6.jpg"", ""supportedResolutions"": ""1080X1440,540X720,360X480,48X64,81X108"", ""order"": 6}}"
27367934,"{""back"": {""imageUrl"": ""http://assets.myntassets.com/assets/images/27367934/2024/5/7/0613f6f0-d8f9-4061-abd3-e133afa103291715075851728-Levis-Men-Jeans-1751715075851313-3.jpg"", ""supportedResolutions"": ""1080X1440,540X720,360X480,48X64,81X108"", ""order"": 3}, ""bottom"": {""imageUrl"": ""http://assets.myntassets.com/assets/images/27367934/2024/5/7/0a6596af-5c62-41e5-bea7-ba2b0029fb9a1715075851688-Levis-Men-Jeans-1751715075851313-7.jpg"", ""supportedResolutions"": ""1080X1440,540X720,360X480,48X64,81X108"", ""order"": 7}, ""default"": {""imageUrl"": ""http://assets.myntassets.com/assets/images/27367934/2024/5/7/d6deff05-b3f1-490b-a14f-606efa7200f31715075851749-Levis-Men-Jeans-1751715075851313-1.jpg"", ""supportedResolutions"": ""1080X1440,540X720,180X240,360X480,150X200,96X128,81X108,48X64"", ""order"": 1}, ""default_deprecated"": {""imageUrl"": ""https://azmyntra.myntassets.com/dam-assets/assets/images/27367934/2024/5/7/d6deff05-b3f1-490b-a14f-606efa7200f31715075851749-Levis-Men-Jeans-1751715075851313-1.jpg"", ""supportedResolutions"": ""1080X1440,540X720,180X240,360X480,150X200,96X128,81X108,48X64"", ""order"": 9999}, ""front"": {""imageUrl"": ""http://assets.myntassets.com/assets/images/27367934/2024/5/7/05568a41-b513-40ea-a8aa-19b73455c1ee1715075851738-Levis-Men-Jeans-1751715075851313-2.jpg"", ""supportedResolutions"": ""1080X1440,540X720,360X480,48X64,81X108"", ""order"": 2}, ""left"": {""imageUrl"": ""http://assets.myntassets.com/assets/images/27367934/2024/5/7/e3f0846c-1dcc-43ef-9d2e-c2c64e3b4e4f1715075851707-Levis-Men-Jeans-1751715075851313-5.jpg"", ""supportedResolutions"": ""1080X1440,540X720,360X480,48X64,81X108"", ""order"": 5}, ""right"": {""imageUrl"": ""http://assets.myntassets.com/assets/images/27367934/2024/5/7/27585162-ce0a-46aa-b66b-159b3ed08f981715075851718-Levis-Men-Jeans-1751715075851313-4.jpg"", ""supportedResolutions"": ""1080X1440,540X720,360X480,48X64,81X108"", ""order"": 4}, ""search"": {""imageUrl"": ""http://assets.myntassets.com/assets/images/27367934/2024/5/7/d6deff05-b3f1-490b-a14f-606efa7200f31715075851749-Levis-Men-Jeans-1751715075851313-1.jpg"", ""supportedResolutions"": ""1080X1440,540X720,180X240,360X480,150X200,96X128,81X108,48X64"", ""order"": 9999}, ""size_representation"": {""imageUrl"": ""http://assets.myntassets.com/assets/images/sizechart/2016/12/12/11481538267773-Jeans.png""}, ""top"": {""imageUrl"": ""http://assets.myntassets.com/assets/images/27367934/2024/5/7/9f5e6379-8880-43aa-92a8-97b6d40d36261715075851697-Levis-Men-Jeans-1751715075851313-6.jpg"", ""supportedResolutions"": ""1080X1440,540X720,360X480,48X64,81X108"", ""order"": 6}}"
20412344,"{""back"": {""imageUrl"": ""http://assets.myntassets.com/assets/images/2025/SEPTEMBER/9/jpvswMFa_766527667a0d46888fbcf445b3123fe1.jpg"", ""supportedResolutions"": ""1080X1440,540X720,360X480,48X64,81X108"", ""order"": 3}, ""bottom"": {""imageUrl"": ""http://assets.myntassets.com/assets/images/2025/SEPTEMBER/9/LScGsZKi_794bdde3716343538cb80c0d8c398455.jpg"", ""supportedResolutions"": ""1080X1440,540X720,360X480,48X64,81X108"", ""order"": 7}, ""default"": {""imageUrl"": ""http://assets.myntassets.com/assets/images/2025/SEPTEMBER/9/hJ39Q1gb_113bbcfaee444891b73748cf90981017.jpg"", ""supportedResolutions"": ""1080X1440,540X720,180X240,360X480,150X200,96X128,81X108,48X64"", ""order"": 1}, ""default_deprecated"": {""imageUrl"": ""https://azmyntra.myntassets.com/dam-assets/assets/images/2025/SEPTEMBER/9/hJ39Q1gb_113bbcfaee444891b73748cf90981017.jpg"", ""supportedResolutions"": ""1080X1440,540X720,180X240,360X480,150X200,96X128,81X108,48X64"", ""order"": 9999}, ""front"": {""imageUrl"": ""http://assets.myntassets.com/assets/images/2025/SEPTEMBER/9/geW0WOr4_a97757e855b24b09aa625a9c34820991.jpg"", ""supportedResolutions"": ""1080X1440,540X720,360X480,48X64,81X108"", ""order"": 2}, ""left"": {""imageUrl"": ""http://assets.myntassets.com/assets/images/2025/SEPTEMBER/9/5WoycZPz_2aa7548f10da465ab2e2d38328320bc8.jpg"", ""supportedResolutions"": ""1080X1440,540X720,360X480,48X64,81X108"", ""order"": 5}, ""right"": {""imageUrl"": ""http://assets.myntassets.com/assets/images/2025/SEPTEMBER/9/dYSX6hPG_870f097138c34f2fa40677cfe5d48212.jpg"", ""supportedResolutions"": ""1080X1440,540X720,360X480,48X64,81X108"", ""order"": 4}, ""search"": {""imageUrl"": ""http://assets.myntassets.com/assets/images/2025/SEPTEMBER/9/hJ39Q1gb_113bbcfaee444891b73748cf90981017.jpg"", ""supportedResolutions"": ""1080X1440,540X720,180X240,360X480,150X200,96X128,81X108,48X64"", ""order"": 9999}, ""size_representation"": {""imageUrl"": ""http://assets.myntassets.com/assets/images/sizechart/2016/12/12/11481538267773-Jeans.png""}, ""top"": {""imageUrl"": ""http://assets.myntassets.com/assets/images/2025/SEPTEMBER/9/PZFU5gRK_1e8861af09c04766a220dc3687498d56.jpg"", ""supportedResolutions"": ""1080X1440,540X720,360X480,48X64,81X108"", ""order"": 6}}"
27368004,"{""back"": {""imageUrl"": ""http://assets.myntassets.com/assets/images/27368004/2024/5/7/cbbe2a3b-8f62-40aa-8321-333a3471d66a1715063854674-Levis-Men-Jeans-8921715063854184-3.jpg"", ""supportedResolutions"": ""1080X1440,540X720,360X480,48X64,81X108"", ""order"": 3}, ""bottom"": {""imageUrl"": ""http://assets.myntassets.com/assets/images/27368004/2024/5/7/3dbcfe48-8cf7-4809-aa7c-89b7abc4b6971715063854636-Levis-Men-Jeans-8921715063854184-7.jpg"", ""supportedResolutions"": ""1080X1440,540X720,360X480,48X64,81X108"", ""order"": 7}, ""default"": {""imageUrl"": ""http://assets.myntassets.com/assets/images/27368004/2024/5/7/feb20ee9-ba53-4ad6-998a-5be5e7588c0a1715063854699-Levis-Men-Jeans-8921715063854184-1.jpg"", ""supportedResolutions"": ""1080X1440,540X720,180X240,360X480,150X200,96X128,81X108,48X64"", ""order"": 1}, ""default_deprecated"": {""imageUrl"": ""https://azmyntra.myntassets.com/dam-assets/assets/images/27368004/2024/5/7/feb20ee9-ba53-4ad6-998a-5be5e7588c0a1715063854699-Levis-Men-Jeans-8921715063854184-1.jpg"", ""supportedResolutions"": ""1080X1440,540X720,180X240,360X480,150X200,96X128,81X108,48X64"", ""order"": 9999}, ""front"": {""imageUrl"": ""http://assets.myntassets.com/assets/images/27368004/2024/5/7/79fda688-aacc-4c8e-be5d-0a9d0f7184cf1715063854690-Levis-Men-Jeans-8921715063854184-2.jpg"", ""supportedResolutions"": ""1080X1440,540X720,360X480,48X64,81X108"", ""order"": 2}, ""left"": {""imageUrl"": ""http://assets.myntassets.com/assets/images/27368004/2024/5/7/31dc98b2-5d44-48a6-af00-d1335e9d2c4c1715063854655-Levis-Men-Jeans-8921715063854184-5.jpg"", ""supportedResolutions"": ""1080X1440,540X720,360X480,48X64,81X108"", ""order"": 5}, ""right"": {""imageUrl"": ""http://assets.myntassets.com/assets/images/27368004/2024/5/7/bb080f12-e54f-4538-bbc3-9fd57d79fa881715063854665-Levis-Men-Jeans-8921715063854184-4.jpg"", ""supportedResolutions"": ""1080X1440,540X720,360X480,48X64,81X108"", ""order"": 4}, ""search"": {""imageUrl"": ""http://assets.myntassets.com/assets/images/27368004/2024/5/7/feb20ee9-ba53-4ad6-998a-5be5e7588c0a1715063854699-Levis-Men-Jeans-8921715063854184-1.jpg"", ""supportedResolutions"": ""1080X1440,540X720,180X240,360X480,150X200,96X128,81X108,48X64"", ""order"": 9999}, ""size_representation"": {""imageUrl"": ""http://assets.myntassets.com/assets/images/sizechart/2016/12/12/11481538267773-Jeans.png""}, ""top"": {""imageUrl"": ""http://assets.myntassets.com/assets/images/27368004/2024/5/7/31f045db-a56f-40a6-83c6-12c6cbd42b6d1715063854645-Levis-Men-Jeans-8921715063854184-6.jpg"", ""supportedResolutions"": ""1080X1440,540X720,360X480,48X64,81X108"", ""order"": 6}}"
32899457,"{""back"": {""imageUrl"": ""http://assets.myntassets.com/assets/images/2025/FEBRUARY/22/hJAkCcnl_7461aa6b8a1d4f63b2387f6e1970d1fc.jpg"", ""supportedResolutions"": ""1080X1440,540X720,360X480,48X64,81X108"", ""order"": 3}, ""default"": {""imageUrl"": ""http://assets.myntassets.com/assets/images/2025/FEBRUARY/22/mnBHL2Y2_5e90276db3f74d188e2d00ac75e6bfb8.jpg"", ""supportedResolutions"": ""1080X1440,540X720,180X240,360X480,150X200,96X128,81X108,48X64"", ""order"": 1}, ""default_deprecated"": {""imageUrl"": ""https://azmyntra.myntassets.com/dam-assets/assets/images/2025/FEBRUARY/22/mnBHL2Y2_5e90276db3f74d188e2d00ac75e6bfb8.jpg"", ""supportedResolutions"": ""1080X1440,540X720,180X240,360X480,150X200,96X128,81X108,48X64"", ""order"": 9999}, ""front"": {""imageUrl"": ""http://assets.myntassets.com/assets/images/2025/FEBRUARY/22/XTuk4ZWr_a9a8d67e3dfa40ffaa868091a9e6f5cf.jpg"", ""supportedResolutions"": ""1080X1440,540X720,360X480,48X64,81X108"", ""order"": 2}, ""left"": {""imageUrl"": ""http://assets.myntassets.com/assets/images/2025/FEBRUARY/22/3fcG22Dh_30b9b618f2e44103a061c29242052901.jpg"", ""supportedResolutions"": ""1080X1440,540X720,360X480,48X64,81X108"", ""order"": 5}, ""right"": {""imageUrl"": ""http://assets.myntassets.com/assets/images/2025/FEBRUARY/22/bU2uNcsI_023e0f451c0c4e128fbb2afafcd1bf56.jpg"", ""supportedResolutions"": ""1080X1440,540X720,360X480,48X64,81X108"", ""order"": 4}, ""search"": {""imageUrl"": ""http://assets.myntassets.com/assets/images/2025/FEBRUARY/22/mnBHL2Y2_5e90276db3f74d188e2d00ac75e6bfb8.jpg"", ""supportedResolutions"": ""1080X1440,540X720,180X240,360X480,150X200,96X128,81X108,48X64"", ""order"": 9999}, ""size_representation"": {""imageUrl"": ""http://assets.myntassets.com/assets/images/sizechart/2016/12/12/11481538623570-Trousers_Adults-Men.png""}, ""top"": {""imageUrl"": ""http://assets.myntassets.com/assets/images/2025/FEBRUARY/22/t58svc3p_9851667c9e844f5eabf78d834bf5c8d8.jpg"", ""supportedResolutions"": ""1080X1440,540X720,360X480,48X64,81X108"", ""order"": 6}}"
34142519,"{""back"": {""imageUrl"": ""http://assets.myntassets.com/assets/images/2025/MAY/15/2Cs4tpQK_89e57ac4c2bc4f81aa427f6506a77385.jpg"", ""supportedResolutions"": ""1080X1440,540X720,360X480,48X64,81X108"", ""order"": 3}, ""default"": {""imageUrl"": ""http://assets.myntassets.com/assets/images/2025/MAY/15/1xn7NVuU_9b1d2774bd2f4d1eb5b40297ec871f79.jpg"", ""supportedResolutions"": ""1080X1440,540X720,180X240,360X480,150X200,96X128,81X108,48X64"", ""order"": 1}, ""default_deprecated"": {""imageUrl"": ""https://azmyntra.myntassets.com/dam-assets/assets/images/2025/MAY/15/1xn7NVuU_9b1d2774bd2f4d1eb5b40297ec871f79.jpg"", ""supportedResolutions"": ""1080X1440,540X720,180X240,360X480,150X200,96X128,81X108,48X64"", ""order"": 9999}, ""front"": {""imageUrl"": ""http://assets.myntassets.com/assets/images/2025/MAY/15/8Njbkhts_6274b40ad5694589a72561d17c258a2c.jpg"", ""supportedResolutions"": ""1080X1440,540X720,360X480,48X64,81X108"", ""order"": 2}, ""right"": {""imageUrl"": ""http://assets.myntassets.com/assets/images/2025/MAY/15/9EYwEW4T_49e605facc054993b4b6600ba94a41ff.jpg"", ""supportedResolutions"": ""1080X1440,540X720,360X480,48X64,81X108"", ""order"": 4}, ""search"": {""imageUrl"": ""http://assets.myntassets.com/assets/images/2025/MAY/15/1xn7NVuU_9b1d2774bd2f4d1eb5b40297ec871f79.jpg"", ""supportedResolutions"": ""1080X1440,540X720,180X240,360X480,150X200,96X128,81X108,48X64"", ""order"": 9999}, ""size_representation"": {""imageUrl"": ""http://assets.myntassets.com/assets/images/sizechart/2016/12/12/11481538623570-Trousers_Adults-Men.png""}}"
32319573,"{""back"": {""imageUrl"": ""http://assets.myntassets.com/assets/images/2025/JANUARY/13/Mz3EWw9h_8505fdc858164b65b140079c3d4069bb.jpg"", ""supportedResolutions"": ""1080X1440,540X720,360X480,48X64,81X108"", ""order"": 3}, ""default"": {""imageUrl"": ""http://assets.myntassets.com/assets/images/2025/JANUARY/13/oxbaGRGa_7e9fc7e914744df094f02c84a0a42988.jpg"", ""supportedResolutions"": ""1080X1440,540X720,180X240,360X480,150X200,96X128,81X108,48X64"", ""order"": 1}, ""default_deprecated"": {""imageUrl"": ""https://azmyntra.myntassets.com/dam-assets/assets/images/2025/JANUARY/13/oxbaGRGa_7e9fc7e914744df094f02c84a0a42988.jpg"", ""supportedResolutions"": ""1080X1440,540X720,180X240,360X480,150X200,96X128,81X108,48X64"", ""order"": 9999}, ""front"": {""imageUrl"": ""http://assets.myntassets.com/assets/images/2025/JANUARY/13/s78iPfPU_8606286c3aa74600ab2ae7ee9f775d7d.jpg"", ""supportedResolutions"": ""1080X1440,540X720,360X480,48X64,81X108"", ""order"": 2}, ""right"": {""imageUrl"": ""http://assets.myntassets.com/assets/images/2025/JANUARY/13/5iy832Y4_ba0d58add5054c91a112988ffb10187d.jpg"", ""supportedResolutions"": ""1080X1440,540X720,360X480,48X64,81X108"", ""order"": 4}, ""search"": {""imageUrl"": ""http://assets.myntassets.com/assets/images/2025/JANUARY/13/oxbaGRGa_7e9fc7e914744df094f02c84a0a42988.jpg"", ""supportedResolutions"": ""1080X1440,540X720,180X240,360X480,150X200,96X128,81X108,48X64"", ""order"": 9999}, ""size_representation"": {""imageUrl"": ""http://assets.myntassets.com/assets/images/sizechart/2016/12/12/11481538623570-Trousers_Adults-Men.png""}}"
30195759,"{""back"": {""imageUrl"": ""http://assets.myntassets.com/assets/images/30195759/2025/1/2/7d35d81c-0373-42b8-9338-8a8bf96712991735809119140-Roadster-Men-Trousers-4661735809118642-3.jpg"", ""supportedResolutions"": ""1080X1440,540X720,360X480,48X64,81X108"", ""order"": 3}, ""bottom"": {""imageUrl"": ""http://assets.myntassets.com/assets/images/30195759/2025/1/2/d5777d09-63a3-4fbb-8fd5-eae9c5ff70381735809119015-Roadster-Men-Trousers-4661735809118642-7.jpg"", ""supportedResolutions"": ""1080X1440,540X720,360X480,48X64,81X108"", ""order"": 7}, ""default"": {""imageUrl"": ""http://assets.myntassets.com/assets/images/30195759/2025/1/2/65abc587-eb91-46d1-a2bf-a06e8954b8c81735809119107-Roadster-Men-Trousers-4661735809118642-4.jpg"", ""supportedResolutions"": ""1080X1440,540X720,180X240,360X480,150X200,96X128,81X108,48X64"", ""order"": 1}, ""default_deprecated"": {""imageUrl"": ""https://azmyntra.myntassets.com/dam-assets/assets/images/30195759/2025/1/2/65abc587-eb91-46d1-a2bf-a06e8954b8c81735809119107-Roadster-Men-Trousers-4661735809118642-4.jpg"", ""supportedResolutions"": ""1080X1440,540X720,180X240,360X480,150X200,96X128,81X108,48X64"", ""order"": 9999}, ""front"": {""imageUrl"": ""http://assets.myntassets.com/assets/images/30195759/2025/1/2/8640069f-0e88-434f-a9e0-9d7a2b0ba63f1735809119204-Roadster-Men-Trousers-4661735809118642-1.jpg"", ""supportedResolutions"": ""1080X1440,540X720,360X480,48X64,81X108"", ""order"": 2}, ""left"": {""imageUrl"": ""http://assets.myntassets.com/assets/images/30195759/2025/1/2/62b4363b-8d22-4a0a-943b-184e57a044281735809119075-Roadster-Men-Trousers-4661735809118642-5.jpg"", ""supportedResolutions"": ""1080X1440,540X720,360X480,48X64,81X108"", ""order"": 5}, ""right"": {""imageUrl"": ""http://assets.myntassets.com/assets/images/30195759/2025/1/2/3457984d-dc6d-4d6b-a1cb-15af33640c9c1735809119172-Roadster-Men-Trousers-4661735809118642-2.jpg"", ""supportedResolutions"": ""1080X1440,540X720,360X480,48X64,81X108"", ""order"": 4}, ""search"": {""imageUrl"": ""http://assets.myntassets.com/assets/images/30195759/2025/1/2/65abc587-eb91-46d1-a2bf-a06e8954b8c81735809119107-Roadster-Men-Trousers-4661735809118642-4.jpg"", ""supportedResolutions"": ""1080X1440,540X720,180X240,360X480,150X200,96X128,81X108,48X64"", ""order"": 9999}, ""size_representation"": {""imageUrl"": ""http://assets.myntassets.com/assets/images/sizechart/2016/12/12/11481538623570-Trousers_Adults-Men.png""}, ""top"": {""imageUrl"": ""http://assets.myntassets.com/assets/images/30195759/2025/1/2/f5b12f81-ccfd-478f-98ad-19b4e1c539011735809119044-Roadster-Men-Trousers-4661735809118642-6.jpg"", ""supportedResolutions"": ""1080X1440,540X720,360X480,48X64,81X108"", ""order"": 6}}"
32250283,"{""back"": {""imageUrl"": ""http://assets.myntassets.com/assets/images/32250283/2025/1/8/1aa1d1d2-f5d8-4c01-a9e4-d955593143341736319361070CanaryLondonMenSmartSlimFitWrinkleFreeTrousers3.jpg"", ""supportedResolutions"": ""1080X1440,540X720,360X480,48X64,81X108"", ""order"": 3}, ""default"": {""imageUrl"": ""http://assets.myntassets.com/assets/images/32250283/2025/1/8/e82c472d-d732-4ee7-b98c-be89d7e6190e1736319361008CanaryLondonMenSmartSlimFitWrinkleFreeTrousers1.jpg"", ""supportedResolutions"": ""1080X1440,540X720,180X240,360X480,150X200,96X128,81X108,48X64"", ""order"": 1}, ""default_deprecated"": {""imageUrl"": ""https://azmyntra.myntassets.com/dam-assets/assets/images/32250283/2025/1/8/e82c472d-d732-4ee7-b98c-be89d7e6190e1736319361008CanaryLondonMenSmartSlimFitWrinkleFreeTrousers1.jpg"", ""supportedResolutions"": ""1080X1440,540X720,180X240,360X480,150X200,96X128,81X108,48X64"", ""order"": 9999}, ""front"": {""imageUrl"": ""http://assets.myntassets.com/assets/images/32250283/2025/1/8/a17648a5-1563-44eb-b1b7-80e99b029b751736319360977CanaryLondonMenSmartSlimFitWrinkleFreeTrousers2.jpg"", ""supportedResolutions"": ""1080X1440,540X720,360X480,48X64,81X108"", ""order"": 2}, ""left"": {""imageUrl"": ""http://assets.myntassets.com/assets/images/32250283/2025/1/8/ad86f8d0-672a-4174-835c-92930c2a44191736319360951CanaryLondonMenSmartSlimFitWrinkleFreeTrousers5.jpg"", ""supportedResolutions"": ""1080X1440,540X720,360X480,48X64,81X108"", ""order"": 5}, ""right"": {""imageUrl"": ""http://assets.myntassets.com/assets/images/32250283/2025/1/8/417d8044-d507-452b-85b3-d02e6687029f1736319361099CanaryLondonMenSmartSlimFitWrinkleFreeTrousers4.jpg"", ""supportedResolutions"": ""1080X1440,540X720,360X480,48X64,81X108"", ""order"": 4}, ""search"": {""imageUrl"": ""http://assets.myntassets.com/assets/images/32250283/2025/1/8/e82c472d-d732-4ee7-b98c-be89d7e6190e1736319361008CanaryLondonMenSmartSlimFitWrinkleFreeTrousers1.jpg"", ""supportedResolutions"": ""1080X1440,540X720,180X240,360X480,150X200,96X128,81X108,48X64"", ""order"": 9999}, ""size_representation"": {""imageUrl"": ""http://assets.myntassets.com/assets/images/sizechart/2016/12/12/11481538623570-Trousers_Adults-Men.png""}, ""top"": {""imageUrl"": ""http://assets.myntassets.com/assets/images/32250283/2025/1/8/3792dfee-15c6-4060-8989-af9b94377f9f1736319361039CanaryLondonMenSmartSlimFitWrinkleFreeTrousers6.jpg"", ""supportedResolutions"": ""1080X1440,540X720,360X480,48X64,81X108"", ""order"": 6}}"
31685380,"{""back"": {""imageUrl"": ""http://assets.myntassets.com/assets/images/2024/NOVEMBER/20/ms5cZBWC_4b16202c16db4d54930661914b54c310.jpg"", ""supportedResolutions"": ""1080X1440,540X720,360X480,48X64,81X108"", ""order"": 3}, ""bottom"": {""imageUrl"": ""http://assets.myntassets.com/assets/images/2024/NOVEMBER/20/Oz8LnVjp_6559f90f14b14af190692689f4d10c46.jpg"", ""supportedResolutions"": ""1080X1440,540X720,360X480,48X64,81X108"", ""order"": 7}, ""default"": {""imageUrl"": ""http://assets.myntassets.com/assets/images/2024/NOVEMBER/20/h8J0MoMr_9c5f3bc58d5f45d1a0f664d1362a8c8b.jpg"", ""supportedResolutions"": ""1080X1440,540X720,180X240,360X480,150X200,96X128,81X108,48X64"", ""order"": 1}, ""default_deprecated"": {""imageUrl"": ""https://azmyntra.myntassets.com/dam-assets/assets/images/2024/NOVEMBER/20/h8J0MoMr_9c5f3bc58d5f45d1a0f664d1362a8c8b.jpg"", ""supportedResolutions"": ""1080X1440,540X720,180X240,360X480,150X200,96X128,81X108,48X64"", ""order"": 9999}, ""front"": {""imageUrl"": ""http://assets.myntassets.com/assets/images/2024/NOVEMBER/20/rc9Y6zxK_9b1b4f833a954833ab602d66587f6f69.jpg"", ""supportedResolutions"": ""1080X1440,540X720,360X480,48X64,81X108"", ""order"": 2}, ""left"": {""imageUrl"": ""http://assets.myntassets.com/assets/images/2024/NOVEMBER/20/gGlVBUS9_979a175079e249e6977b4195174b9dd1.jpg"", ""supportedResolutions"": ""1080X1440,540X720,360X480,48X64,81X108"", ""order"": 5}, ""right"": {""imageUrl"": ""http://assets.myntassets.com/assets/images/2024/NOVEMBER/20/YAvvZ2Es_6a644d02d44245688395b72bd681ef05.jpg"", ""supportedResolutions"": ""1080X1440,540X720,360X480,48X64,81X108"", ""order"": 4}, ""search"": {""imageUrl"": ""http://assets.myntassets.com/assets/images/2024/NOVEMBER/20/h8J0MoMr_9c5f3bc58d5f45d1a0f664d1362a8c8b.jpg"", ""supportedResolutions"": ""1080X1440,540X720,180X240,360X480,150X200,96X128,81X108,48X64"", ""order"": 9999}, ""size_representation"": {""imageUrl"": ""http://assets.myntassets.com/assets/images/sizechart/2016/12/12/11481538623570-Trousers_Adults-Men.png""}, ""top"": {""imageUrl"": ""http://assets.myntassets.com/assets/images/2024/NOVEMBER/20/UcHMYDMm_d17ff181b8de4a06850377b995287f20.jpg"", ""supportedResolutions"": ""1080X1440,540X720,360X480,48X64,81X108"", ""order"": 6}}"
31805304,"{""back"": {""imageUrl"": ""http://assets.myntassets.com/assets/images/31805304/2025/4/9/d702efb3-088e-46bc-bbab-d51b72c7ef4c1744196727892-NEVER-NEUD-Men-Relaxed-Fancy-Linen-Trousers-481744196727471-3.jpg"", ""supportedResolutions"": ""1080X1440,540X720,360X480,48X64,81X108"", ""order"": 3}, ""default"": {""imageUrl"": ""http://assets.myntassets.com/assets/images/31805304/2025/4/9/9db7fc46-94ee-4024-9fac-e6be21e767bb1744196727964-NEVER-NEUD-Men-Relaxed-Fancy-Linen-Trousers-481744196727471-1.jpg"", ""supportedResolutions"": ""1080X1440,540X720,180X240,360X480,150X200,96X128,81X108,48X64"", ""order"": 1}, ""default_deprecated"": {""imageUrl"": ""https://azmyntra.myntassets.com/dam-assets/assets/images/31805304/2025/4/9/9db7fc46-94ee-4024-9fac-e6be21e767bb1744196727964-NEVER-NEUD-Men-Relaxed-Fancy-Linen-Trousers-481744196727471-1.jpg"", ""supportedResolutions"": ""1080X1440,540X720,180X240,360X480,150X200,96X128,81X108,48X64"", ""order"": 9999}, ""front"": {""imageUrl"": ""http://assets.myntassets.com/assets/images/31805304/2025/4/9/1b3910e4-1bcb-4e18-9f6d-4abad90c22461744196727928-NEVER-NEUD-Men-Relaxed-Fancy-Linen-Trousers-481744196727471-2.jpg"", ""supportedResolutions"": ""1080X1440,540X720,360X480,48X64,81X108"", ""order"": 2}, ""left"": {""imageUrl"": ""http://assets.myntassets.com/assets/images/31805304/2025/4/9/6b1ca968-c274-4729-b8c0-fb48b463d9571744196727820-NEVER-NEUD-Men-Relaxed-Fancy-Linen-Trousers-481744196727471-5.jpg"", ""supportedResolutions"": ""1080X1440,540X720,360X480,48X64,81X108"", ""order"": 5}, ""right"": {""imageUrl"": ""http://assets.myntassets.com/assets/images/31805304/2025/4/9/b2c6c4bb-c9d5-405c-a97f-2b535ce18e591744196727857-NEVER-NEUD-Men-Relaxed-Fancy-Linen-Trousers-481744196727471-4.jpg"", ""supportedResolutions"": ""1080X1440,540X720,360X480,48X64,81X108"", ""order"": 4}, ""search"": {""imageUrl"": ""http://assets.myntassets.com/assets/images/31805304/2025/4/9/9db7fc46-94ee-4024-9fac-e6be21e767bb1744196727964-NEVER-NEUD-Men-Relaxed-Fancy-Linen-Trousers-481744196727471-1.jpg"", ""supportedResolutions"": ""1080X1440,540X720,180X240,360X480,150X200,96X128,81X108,48X64"", ""order"": 9999}, ""size_representation"": {""imageUrl"": ""http://assets.myntassets.com/assets/images/sizechart/2016/12/12/11481538623570-Trousers_Adults-Men.png""}, ""top"": {""imageUrl"": ""http://assets.myntassets.com/assets/images/31805304/2025/4/9/46a89460-f7f0-445d-93b2-c578d430add31744196727787-NEVER-NEUD-Men-Relaxed-Fancy-Linen-Trousers-481744196727471-6.jpg"", ""supportedResolutions"": ""1080X1440,540X720,360X480,48X64,81X108"", ""order"": 6}}"
36328274,"{""back"": {""imageUrl"": ""http://assets.myntassets.com/assets/images/2025/AUGUST/9/gqWeRZgS_5346154eaff74b9c8c5c75ffa9c1c624.jpg"", ""supportedResolutions"": ""1080X1440,540X720,360X480,48X64,81X108"", ""order"": 3}, ""bottom"": {""imageUrl"": ""http://assets.myntassets.com/assets/images/2025/AUGUST/9/KJdTiQ6W_3bfe1fbbfb2d4284832cc735e64230f7.jpg"", ""supportedResolutions"": ""1080X1440,540X720,360X480,48X64,81X108"", ""order"": 7}, ""default"": {""imageUrl"": ""http://assets.myntassets.com/assets/images/2025/AUGUST/9/e1sO4OCQ_36dfb584e05f4fd286b757c691e2a4ca.jpg"", ""supportedResolutions"": ""1080X1440,540X720,180X240,360X480,150X200,96X128,81X108,48X64"", ""order"": 1}, ""default_deprecated"": {""imageUrl"": ""https://azmyntra.myntassets.com/dam-assets/assets/images/2025/AUGUST/9/e1sO4OCQ_36dfb584e05f4fd286b757c691e2a4ca.jpg"", ""supportedResolutions"": ""1080X1440,540X720,180X240,360X480,150X200,96X128,81X108,48X64"", ""order"": 9999}, ""front"": {""imageUrl"": ""http://assets.myntassets.com/assets/images/2025/AUGUST/9/egGq4Q8f_d6cd46a427654f67bdde5739ab298ad5.jpg"", ""supportedResolutions"": ""1080X1440,540X720,360X480,48X64,81X108"", ""order"": 2}, ""left"": {""imageUrl"": ""http://assets.myntassets.com/assets/images/2025/AUGUST/9/1u5OSRlV_802595466ba947c288e0951bdfc25eee.jpg"", ""supportedResolutions"": ""1080X1440,540X720,360X480,48X64,81X108"", ""order"": 5}, ""right"": {""imageUrl"": ""http://assets.myntassets.com/assets/images/2025/AUGUST/9/w7bqXAPs_d94437b8e05f4167a9b2698beb78a765.jpg"", ""supportedResolutions"": ""1080X1440,540X720,360X480,48X64,81X108"", ""order"": 4}, ""search"": {""imageUrl"": ""http://assets.myntassets.com/assets/images/2025/AUGUST/9/e1sO4OCQ_36dfb584e05f4fd286b757c691e2a4ca.jpg"", ""supportedResolutions"": ""1080X1440,540X720,180X240,360X480,150X200,96X128,81X108,48X64"", ""order"": 9999}, ""size_representation"": {""imageUrl"": ""http://assets.myntassets.com/assets/images/sizechart/2016/12/12/11481538267795-footwear.png""}, ""top"": {""imageUrl"": ""http://assets.myntassets.com/assets/images/2025/AUGUST/9/sCxRhPuR_f587ee819518466b86797fac49288766.jpg"", ""supportedResolutions"": ""1080X1440,540X720,360X480,48X64,81X108"", ""order"": 6}}"
33026384,"{""back"": {""imageUrl"": ""http://assets.myntassets.com/assets/images/2025/OCTOBER/17/CxCWrCpV_de6edc653faa41188eeb1e388788044c.jpg"", ""supportedResolutions"": ""1080X1440,540X720,360X480,48X64,81X108"", ""order"": 3}, ""default"": {""imageUrl"": ""http://assets.myntassets.com/assets/images/2025/OCTOBER/17/Rex30qLS_84008fa19af843aaa79da585ecc256c9.jpg"", ""supportedResolutions"": ""1080X1440,540X720,180X240,360X480,150X200,96X128,81X108,48X64"", ""order"": 1}, ""default_deprecated"": {""imageUrl"": ""https://azmyntra.myntassets.com/dam-assets/assets/images/2025/OCTOBER/17/Rex30qLS_84008fa19af843aaa79da585ecc256c9.jpg"", ""supportedResolutions"": ""1080X1440,540X720,180X240,360X480,150X200,96X128,81X108,48X64"", ""order"": 9999}, ""front"": {""imageUrl"": ""http://assets.myntassets.com/assets/images/2025/OCTOBER/17/OkrUvtdR_62273d0fe757458fbda3a9dd0c58ecea.jpg"", ""supportedResolutions"": ""1080X1440,540X720,360X480,48X64,81X108"", ""order"": 2}, ""left"": {""imageUrl"": ""http://assets.myntassets.com/assets/images/2025/OCTOBER/17/F1OqsjuS_adf0e0bc1bed43a3b5f02f62cbe87c63.jpg"", ""supportedResolutions"": ""1080X1440,540X720,360X480,48X64,81X108"", ""order"": 5}, ""right"": {""imageUrl"": ""http://assets.myntassets.com/assets/images/2025/OCTOBER/17/aOHFGw8j_6a97712660ab442abe21568618213721.jpg"", ""supportedResolutions"": ""1080X1440,540X720,360X480,48X64,81X108"", ""order"": 4}, ""search"": {""imageUrl"": ""http://assets.myntassets.com/assets/images/2025/OCTOBER/17/Rex30qLS_84008fa19af843aaa79da585ecc256c9.jpg"", ""supportedResolutions"": ""1080X1440,540X720,180X240,360X480,150X200,96X128,81X108,48X64"", ""order"": 9999}, ""size_representation"": {""imageUrl"": ""http://assets.myntassets.com/assets/images/sizechart/2016/12/12/11481538267795-footwear.png""}}"
37666546,"{""back"": {""imageUrl"": ""http://assets.myntassets.com/assets/images/2025/OCTOBER/30/bfn8ggtL_5986eec7ca0647c49121f8ea03d84a5d.jpg"", ""supportedResolutions"": ""1080X1440,540X720,360X480,48X64,81X108"", ""order"": 3}, ""default"": {""imageUrl"": ""http://assets.myntassets.com/assets/images/2025/OCTOBER/30/ing4YnaP_0e39757d50834480887aa8dbcae77489.jpg"", ""supportedResolutions"": ""1080X1440,540X720,180X240,360X480,150X200,96X128,81X108,48X64"", ""order"": 1}, ""default_deprecated"": {""imageUrl"": ""https://azmyntra.myntassets.com/dam-assets/assets/images/2025/OCTOBER/30/ing4YnaP_0e39757d50834480887aa8dbcae77489.jpg"", ""supportedResolutions"": ""1080X1440,540X720,180X240,360X480,150X200,96X128,81X108,48X64"", ""order"": 9999}, ""front"": {""imageUrl"": ""http://assets.myntassets.com/assets/images/2025/OCTOBER/30/bvHDPjW9_a18db6e5920e49ae918e4f6c13e49d85.jpg"", ""supportedResolutions"": ""1080X1440,540X720,360X480,48X64,81X108"", ""order"": 2}, ""left"": {""imageUrl"": ""http://assets.myntassets.com/assets/images/2025/OCTOBER/30/Tc1xZT3b_84be7b8853ef467fa5bbf416573ccad1.jpg"", ""supportedResolutions"": ""1080X1440,540X720,360X480,48X64,81X108"", ""order"": 5}, ""right"": {""imageUrl"": ""http://assets.myntassets.com/assets/images/2025/OCTOBER/30/QDzq0AFx_64944336224c4f03b12d85370159fa1c.jpg"", ""supportedResolutions"": ""1080X1440,540X720,360X480,48X64,81X108"", ""order"": 4}, ""search"": {""imageUrl"": ""http://assets.myntassets.com/assets/images/2025/OCTOBER/30/ing4YnaP_0e39757d50834480887aa8dbcae77489.jpg"", ""supportedResolutions"": ""1080X1440,540X720,180X240,360X480,150X200,96X128,81X108,48X64"", ""order"": 9999}, ""size_representation"": {""imageUrl"": ""http://assets.myntassets.com/assets/images/sizechart/2016/12/12/11481538267795-footwear.png""}, ""top"": {""imageUrl"": ""http://assets.myntassets.com/assets/images/2025/OCTOBER/30/8yVTcepo_c2c7209143d54ae19f67c73122c21a1e.jpg"", ""supportedResolutions"": ""1080X1440,540X720,360X480,48X64,81X108"", ""order"": 6}}"
15335816,"{""back"": {""imageUrl"": ""http://assets.myntassets.com/assets/images/15335816/2022/6/21/defc1a00-25be-44fb-95e6-6d3fb8712d861655802586881INVICTUSMenBlackSolidFormalOxfordShoes3.jpg"", ""supportedResolutions"": ""1080X1440,540X720,360X480,48X64,81X108"", ""order"": 3}, ""bottom"": {""imageUrl"": ""http://assets.myntassets.com/assets/images/15335816/2022/6/21/0ab0f1a4-ac18-42d6-89d1-5d4fd11d53b11655802586915INVICTUSMenBlackSolidFormalOxfordShoes7.jpg"", ""supportedResolutions"": ""1080X1440,540X720,360X480,48X64,81X108"", ""order"": 7}, ""default"": {""imageUrl"": ""http://assets.myntassets.com/assets/images/15335816/2022/6/21/5ed87b85-1eb0-4fce-990f-21087aa560a91655802586854INVICTUSMenBlackSolidFormalOxfordShoes1.jpg"", ""supportedResolutions"": ""1080X1440,540X720,180X240,360X480,150X200,96X128,81X108,48X64"", ""order"": 1}, ""default_deprecated"": {""imageUrl"": ""https://azmyntra.myntassets.com/dam-assets/assets/images/15335816/2022/6/21/5ed87b85-1eb0-4fce-990f-21087aa560a91655802586854INVICTUSMenBlackSolidFormalOxfordShoes1.jpg"", ""supportedResolutions"": ""1080X1440,540X720,180X240,360X480,150X200,96X128,81X108,48X64"", ""order"": 9999}, ""front"": {""imageUrl"": ""http://assets.myntassets.com/assets/images/15335816/2022/6/21/4041bf04-e080-4e41-9b5a-620844d5daf51655802586872INVICTUSMenBlackSolidFormalOxfordShoes2.jpg"", ""supportedResolutions"": ""1080X1440,540X720,360X480,48X64,81X108"", ""order"": 2}, ""image11"": {""imageUrl"": ""http://assets.myntassets.com/assets/images/15335816/2022/6/21/93018c16-4c0e-40c0-87ec-ebb7c77fe8df1655802586864INVICTUSMenBlackSolidFormalOxfordShoes11.jpg"", ""order"": 11}, ""left"": {""imageUrl"": ""http://assets.myntassets.com/assets/images/15335816/2022/6/21/fc75df65-711c-41a6-8e4e-053e3dbf62c21655802586899INVICTUSMenBlackSolidFormalOxfordShoes5.jpg"", ""supportedResolutions"": ""1080X1440,540X720,360X480,48X64,81X108"", ""order"": 5}, ""right"": {""imageUrl"": ""http://assets.myntassets.com/assets/images/15335816/2022/6/21/46e16b9a-28ba-4d53-a184-bd52a7f756891655802586890INVICTUSMenBlackSolidFormalOxfordShoes4.jpg"", ""supportedResolutions"": ""1080X1440,540X720,360X480,48X64,81X108"", ""order"": 4}, ""search"": {""imageUrl"": ""http://assets.myntassets.com/assets/images/15335816/2022/6/21/5ed87b85-1eb0-4fce-990f-21087aa560a91655802586854INVICTUSMenBlackSolidFormalOxfordShoes1.jpg"", ""supportedResolutions"": ""1080X1440,540X720,180X240,360X480,150X200,96X128,81X108,48X64"", ""order"": 9999}, ""size_representation"": {""imageUrl"": ""http://assets.myntassets.com/assets/images/sizechart/2016/12/12/11481538267795-footwear.png""}, ""top"": {""imageUrl"": ""http://assets.myntassets.com/assets/images/15335816/2022/6/21/56544a6b-109e-4587-b839-5b4e34116dd01655802586907INVICTUSMenBlackSolidFormalOxfordShoes6.jpg"", ""supportedResolutions"": ""1080X1440,540X720,360X480,48X64,81X108"", ""order"": 6}}"
27258244,"{""back"": {""imageUrl"": ""http://assets.myntassets.com/assets/images/27258244/2024/12/18/f19113d1-204b-484c-aa96-721c4f140c091734512050849-San-Frissco-Men-Formal-Oxfords-3161734512050409-3.jpg"", ""supportedResolutions"": ""1080X1440,540X720,360X480,48X64,81X108"", ""order"": 3}, ""bottom"": {""imageUrl"": ""http://assets.myntassets.com/assets/images/27258244/2024/12/18/286598df-1f70-4a12-b77c-3ff8b2b22c6c1734512050764-San-Frissco-Men-Formal-Oxfords-3161734512050409-7.jpg"", ""supportedResolutions"": ""1080X1440,540X720,360X480,48X64,81X108"", ""order"": 7}, ""default"": {""imageUrl"": ""http://assets.myntassets.com/assets/images/27258244/2024/12/18/a335eb6c-d5f6-4296-96b5-739cc10c425f1734512050900-San-Frissco-Men-Formal-Oxfords-3161734512050409-1.jpg"", ""supportedResolutions"": ""1080X1440,540X720,180X240,360X480,150X200,96X128,81X108,48X64"", ""order"": 1}, ""default_deprecated"": {""imageUrl"": ""https://azmyntra.myntassets.com/dam-assets/assets/images/27258244/2024/12/18/a335eb6c-d5f6-4296-96b5-739cc10c425f1734512050900-San-Frissco-Men-Formal-Oxfords-3161734512050409-1.jpg"", ""supportedResolutions"": ""1080X1440,540X720,180X240,360X480,150X200,96X128,81X108,48X64"", ""order"": 9999}, ""front"": {""imageUrl"": ""http://assets.myntassets.com/assets/images/27258244/2024/12/18/9d70d576-bd73-4dec-b89f-7ca0c3e2b0941734512050870-San-Frissco-Men-Formal-Oxfords-3161734512050409-2.jpg"", ""supportedResolutions"": ""1080X1440,540X720,360X480,48X64,81X108"", ""order"": 2}, ""left"": {""imageUrl"": ""http://assets.myntassets.com/assets/images/27258244/2024/12/18/fbd4803a-4c17-456b-a3dc-20125912388a1734512050807-San-Frissco-Men-Formal-Oxfords-3161734512050409-5.jpg"", ""supportedResolutions"": ""1080X1440,540X720,360X480,48X64,81X108"", ""order"": 5}, ""right"": {""imageUrl"": ""http://assets.myntassets.com/assets/images/27258244/2024/12/18/67fa9f40-a591-4a15-b506-7e5d98ce30871734512050828-San-Frissco-Men-Formal-Oxfords-3161734512050409-4.jpg"", ""supportedResolutions"": ""1080X1440,540X720,360X480,48X64,81X108"", ""order"": 4}, ""search"": {""imageUrl"": ""http://assets.myntassets.com/assets/images/27258244/2024/12/18/a335eb6c-d5f6-4296-96b5-739cc10c425f1734512050900-San-Frissco-Men-Formal-Oxfords-3161734512050409-1.jpg"", ""supportedResolutions"": ""1080X1440,540X720,180X240,360X480,150X200,96X128,81X108,48X64"", ""order"": 9999}, ""size_representation"": {""imageUrl"": ""http://assets.myntassets.com/assets/images/sizechart/2016/12/12/11481538267795-footwear.png""}, ""top"": {""imageUrl"": ""http://assets.myntassets.com/assets/images/27258244/2024/12/18/1e886cce-92fb-4c4d-a7a3-2898f9346e691734512050785-San-Frissco-Men-Formal-Oxfords-3161734512050409-6.jpg"", ""supportedResolutions"": ""1080X1440,540X720,360X480,48X64,81X108"", ""order"": 6}}"
36341298,"{""default"": {""imageUrl"": ""http://assets.myntassets.com/assets/images/2026/JANUARY/9/Klq33IDX_d2a60aa0e653406e9f9d07912a12b491.jpg"", ""supportedResolutions"": ""1080X1440,540X720,180X240,360X480,150X200,96X128,81X108,48X64"", ""order"": 1}, ""default_deprecated"": {""imageUrl"": ""https://azmyntra.myntassets.com/dam-assets/assets/images/2026/JANUARY/9/Klq33IDX_d2a60aa0e653406e9f9d07912a12b491.jpg"", ""supportedResolutions"": ""1080X1440,540X720,180X240,360X480,150X200,96X128,81X108,48X64"", ""order"": 9999}, ""front"": {""imageUrl"": ""http://assets.myntassets.com/assets/images/2026/JANUARY/9/IwjIuIyr_de00d1e96cfd4971bf8243409e1038e8.jpg"", ""supportedResolutions"": ""1080X1440,540X720,360X480,48X64,81X108"", ""order"": 2}, ""search"": {""imageUrl"": ""http://assets.myntassets.com/assets/images/2026/JANUARY/9/Klq33IDX_d2a60aa0e653406e9f9d07912a12b491.jpg"", ""supportedResolutions"": ""1080X1440,540X720,180X240,360X480,150X200,96X128,81X108,48X64"", ""order"": 9999}, ""size_representation"": {""imageUrl"": ""http://assets.myntassets.com/assets/images/sizechart/2016/12/14/11481690832714-sweatshirt_men.png""}}"
31913889,"{""back"": {""imageUrl"": ""http://assets.myntassets.com/assets/images/2025/SEPTEMBER/9/LS6axJJl_5693ecd4882f4ab49f2760c376296843.jpg"", ""supportedResolutions"": ""1080X1440,540X720,360X480,48X64,81X108"", ""order"": 3}, ""default"": {""imageUrl"": ""http://assets.myntassets.com/assets/images/2025/SEPTEMBER/9/1QMuW9yN_da67c24472b14514a14ea6b8ee46446a.jpg"", ""supportedResolutions"": ""1080X1440,540X720,180X240,360X480,150X200,96X128,81X108,48X64"", ""order"": 1}, ""default_deprecated"": {""imageUrl"": ""https://azmyntra.myntassets.com/dam-assets/assets/images/2025/SEPTEMBER/9/1QMuW9yN_da67c24472b14514a14ea6b8ee46446a.jpg"", ""supportedResolutions"": ""1080X1440,540X720,180X240,360X480,150X200,96X128,81X108,48X64"", ""order"": 9999}, ""front"": {""imageUrl"": ""http://assets.myntassets.com/assets/images/2025/SEPTEMBER/9/PbOviyDu_4af175b5c0f341a2bd3921e4bb8b7aa8.jpg"", ""supportedResolutions"": ""1080X1440,540X720,360X480,48X64,81X108"", ""order"": 2}, ""left"": {""imageUrl"": ""http://assets.myntassets.com/assets/images/2025/SEPTEMBER/9/rJo9rA3f_d2d255af91554e8e95655a35099be015.jpg"", ""supportedResolutions"": ""1080X1440,540X720,360X480,48X64,81X108"", ""order"": 5}, ""right"": {""imageUrl"": ""http://assets.myntassets.com/assets/images/2025/SEPTEMBER/9/yQq5DDLK_ad44104286e34cb0b00f209f609bd69c.jpg"", ""supportedResolutions"": ""1080X1440,540X720,360X480,48X64,81X108"", ""order"": 4}, ""search"": {""imageUrl"": ""http://assets.myntassets.com/assets/images/2025/SEPTEMBER/9/1QMuW9yN_da67c24472b14514a14ea6b8ee46446a.jpg"", ""supportedResolutions"": ""1080X1440,540X720,180X240,360X480,150X200,96X128,81X108,48X64"", ""order"": 9999}, ""size_representation"": {""imageUrl"": ""http://assets.myntassets.com/assets/images/sizechart/2016/12/14/11481690832714-sweatshirt_men.png""}}"
37198995,"{""back"": {""imageUrl"": ""http://assets.myntassets.com/assets/images/2025/NOVEMBER/20/i9dPnFVk_1aa83ceed8654166903f740b1d9165bc.jpg"", ""supportedResolutions"": ""1080X1440,540X720,360X480,48X64,81X108"", ""order"": 3}, ""bottom"": {""imageUrl"": ""http://assets.myntassets.com/assets/images/2025/NOVEMBER/20/th3m2NIi_f4d3b185b2d54c95bdb7a52e0b10f499.jpg"", ""supportedResolutions"": ""1080X1440,540X720,360X480,48X64,81X108"", ""order"": 7}, ""default"": {""imageUrl"": ""http://assets.myntassets.com/assets/images/2025/NOVEMBER/20/OFBXDwDc_1d71a70ed0e2464aa26b4660393728aa.jpg"", ""supportedResolutions"": ""1080X1440,540X720,180X240,360X480,150X200,96X128,81X108,48X64"", ""order"": 1}, ""default_deprecated"": {""imageUrl"": ""https://azmyntra.myntassets.com/dam-assets/assets/images/2025/NOVEMBER/20/OFBXDwDc_1d71a70ed0e2464aa26b4660393728aa.jpg"", ""supportedResolutions"": ""1080X1440,540X720,180X240,360X480,150X200,96X128,81X108,48X64"", ""order"": 9999}, ""front"": {""imageUrl"": ""http://assets.myntassets.com/assets/images/2025/NOVEMBER/20/yVtYQXNO_5245a29266464e20924c01ed8aef7a01.jpg"", ""supportedResolutions"": ""1080X1440,540X720,360X480,48X64,81X108"", ""order"": 2}, ""left"": {""imageUrl"": ""http://assets.myntassets.com/assets/images/2025/NOVEMBER/20/6lidxOMf_0a0b26cb2ad04ee4adc1e5c49a9a6e45.jpg"", ""supportedResolutions"": ""1080X1440,540X720,360X480,48X64,81X108"", ""order"": 5}, ""right"": {""imageUrl"": ""http://assets.myntassets.com/assets/images/2025/NOVEMBER/20/Gv3tStEp_f87429e1a53c4ce190f078f0ff15f24a.jpg"", ""supportedResolutions"": ""1080X1440,540X720,360X480,48X64,81X108"", ""order"": 4}, ""search"": {""imageUrl"": ""http://assets.myntassets.com/assets/images/2025/NOVEMBER/20/OFBXDwDc_1d71a70ed0e2464aa26b4660393728aa.jpg"", ""supportedResolutions"": ""1080X1440,540X720,180X240,360X480,150X200,96X128,81X108,48X64"", ""order"": 9999}, ""size_representation"": {""imageUrl"": ""http://assets.myntassets.com/assets/images/sizechart/2016/12/14/11481690794641-Sweaters_Adults-Men.png""}, ""top"": {""imageUrl"": ""http://assets.myntassets.com/assets/images/2025/NOVEMBER/20/CywxX3Bj_d775fe04c9d341c1a4851732db384dcf.jpg"", ""supportedResolutions"": ""1080X1440,540X720,360X480,48X64,81X108"", ""order"": 6}}"